"","File","Date","interval","tempC","I","K.instant","GPP.instant","ER.instant"
"1","dat_input.csv","2022-05-01",1,24.4,0,0.00983195532373121,0,0.0466214047895459
"2","dat_input.csv","2022-05-01",2,24.3,0,0.00980856918734991,0,0.046299382181011
"3","dat_input.csv","2022-05-01",3,24.3,0,0.00980856918734991,0,0.046299382181011
"4","dat_input.csv","2022-05-01",4,24.3,0,0.00980856918734991,0,0.046299382181011
"5","dat_input.csv","2022-05-01",5,24.5,0,0.00985539721864001,0,0.0469456671376955
"6","dat_input.csv","2022-05-01",6,24.5,0,0.00985539721864001,0,0.0469456671376955
"7","dat_input.csv","2022-05-01",7,24.5,7.55555555555556,0.00985539721864001,0.000410054427850722,0.0469456671376955
"8","dat_input.csv","2022-05-01",8,24.4,270,0.00983195532373121,0.014653415583489,0.0466214047895459
"9","dat_input.csv","2022-05-01",9,24.4,673.888888888889,0.00983195532373121,0.0365732368369798,0.0466214047895459
"10","dat_input.csv","2022-05-01",10,24.5,909.777777777778,0.00985539721864001,0.0493753772829663,0.0469456671376955
"11","dat_input.csv","2022-05-01",11,24.4,1605.88888888889,0.00983195532373121,0.0871546565548012,0.0466214047895459
"12","dat_input.csv","2022-05-01",12,24.6,1697.77777777778,0.0098788950050189,0.092141642022927,0.0472721848033522
"13","dat_input.csv","2022-05-01",13,24.6,1965.55555555556,0.0098788950050189,0.106674453362931,0.0472721848033522
"14","dat_input.csv","2022-05-01",14,24.8,1981.33333333333,0.00992605878554289,0.107530743491677,0.0479320489412487
"15","dat_input.csv","2022-05-01",15,25.2,1726.55555555556,0.0100210629289823,0.0937034669760644,0.0492795385741237
"16","dat_input.csv","2022-05-01",16,25.7,1781.77777777778,0.0101410978325961,0.0967004824266791,0.0510172953388958
"17","dat_input.csv","2022-05-01",17,26,1088.22222222222,0.0102138078256151,0.0590598980348523,0.052089226676908
"18","dat_input.csv","2022-05-01",18,25.8,953.111111111111,0.0101652768022745,0.0517271600309337,0.0513721320937621
"19","dat_input.csv","2022-05-01",19,26.1,252.444444444444,0.0102381601545042,0.0137006420599535,0.0524515189551394
"20","dat_input.csv","2022-05-01",20,25,49.5555555555556,0.00997344773519685,0.00268947462972679,0.0486011240069306
"21","dat_input.csv","2022-05-01",21,25.1,0,0.00999722698418536,0,0.0489391557471654
"22","dat_input.csv","2022-05-01",22,25,0,0.00997344773519685,0,0.0486011240069306
"23","dat_input.csv","2022-05-01",23,24.9,0,0.00994972504716103,0,0.0482654271140316
"24","dat_input.csv","2022-05-01",24,24.9,0,0.00994972504716103,0,0.0482654271140316
"25","dat_input.csv","2022-05-02",1,24.8,0,0.00980856918795912,0,0.0383832281836976
"26","dat_input.csv","2022-05-02",2,25,0,0.00985539721925212,0,0.038919012934931
"27","dat_input.csv","2022-05-02",3,25.1,0,0.00987889500563247,0,0.0391897034166724
"28","dat_input.csv","2022-05-02",4,25.2,0,0.00990244881674247,0,0.0394622766115502
"29","dat_input.csv","2022-05-02",5,25.3,0,0.00992605878615939,0,0.0397367456142573
"30","dat_input.csv","2022-05-02",6,25.2,0,0.00990244881674247,0,0.0394622766115502
"31","dat_input.csv","2022-05-02",7,25.2,6,0.00990244881674247,0.000445181316966548,0.0394622766115502
"32","dat_input.csv","2022-05-02",8,25.2,271.777777777778,0.00990244881674247,0.0201650648388922,0.0394622766115502
"33","dat_input.csv","2022-05-02",9,25.2,704.222222222222,0.00990244881674247,0.0522510960543329,0.0394622766115502
"34","dat_input.csv","2022-05-02",10,25.2,1145,0.00990244881674247,0.0849554346544495,0.0394622766115502
"35","dat_input.csv","2022-05-02",11,25.2,1514.11111111111,0.00990244881674247,0.112342329746354,0.0394622766115502
"36","dat_input.csv","2022-05-02",12,25.2,1788.33333333333,0.00990244881674247,0.132688764751418,0.0394622766115502
"37","dat_input.csv","2022-05-02",13,25.4,1951.22222222222,0.009949725047779,0.144774613097214,0.0400131236105632
"38","dat_input.csv","2022-05-02",14,25.3,1969.22222222222,0.00992605878615939,0.146110157048113,0.0397367456142573
"39","dat_input.csv","2022-05-02",15,25.2,1893.55555555556,0.00990244881674247,0.140495925995258,0.0394622766115502
"40","dat_input.csv","2022-05-02",16,25.2,1679.66666666667,0.00990244881674247,0.124626036455247,0.0394622766115502
"41","dat_input.csv","2022-05-02",17,26.6,1137.11111111111,0.0102381601551401,0.084370103663623,0.0434834878090957
"42","dat_input.csv","2022-05-02",18,26.2,901.666666666667,0.010141097833226,0.0669008590219173,0.0422944842039612
"43","dat_input.csv","2022-05-02",19,25.5,446.555555555556,0.00997344773581629,0.0331330317201585,0.0402914238779475
"44","dat_input.csv","2022-05-02",20,25.3,55.3333333333333,0.00992605878615939,0.00410556103424705,0.0397367456142573
"45","dat_input.csv","2022-05-02",21,25.4,0,0.009949725047779,0,0.0400131236105632
"46","dat_input.csv","2022-05-02",22,25.5,0,0.00997344773581629,0,0.0402914238779475
"47","dat_input.csv","2022-05-02",23,25.4,0,0.009949725047779,0,0.0400131236105632
"48","dat_input.csv","2022-05-02",24,25.4,0,0.009949725047779,0,0.0400131236105632
"49","dat_input.csv","2022-05-03",1,25.5,0,0.00975712166939746,0,0.194982276705292
"50","dat_input.csv","2022-05-03",2,25.5,0,0.00975712166939746,0,0.194982276705292
"51","dat_input.csv","2022-05-03",3,26.1,0,0.00989753714409296,0,0.203261953432868
"52","dat_input.csv","2022-05-03",4,26.1,0,0.00989753714409296,0,0.203261953432868
"53","dat_input.csv","2022-05-03",5,26.2,0,0.00992113540282668,0,0.204675686000712
"54","dat_input.csv","2022-05-03",6,26,0,0.00987399501581132,0,0.201857985775612
"55","dat_input.csv","2022-05-03",7,25.9,3,0.00985050888447073,0.000824490748964208,0.200463715580913
"56","dat_input.csv","2022-05-03",8,25.8,264.888888888889,0.00982707861687774,0.072799479464099,0.199079075866615
"57","dat_input.csv","2022-05-03",9,25.8,696.111111111111,0.00982707861687774,0.191312390454102,0.199079075866615
"58","dat_input.csv","2022-05-03",10,25.7,1124.11111111111,0.0098037040801557,0.308939737306329,0.197704000113221
"59","dat_input.csv","2022-05-03",11,25.7,1495.11111111111,0.0098037040801557,0.410901759928236,0.197704000113221
"60","dat_input.csv","2022-05-03",12,25.6,1771.33333333333,0.00978038514174404,0.486815982221755,0.196338422260695
"61","dat_input.csv","2022-05-03",13,25.6,1974.33333333333,0.00978038514174404,0.542606522901666,0.196338422260695
"62","dat_input.csv","2022-05-03",14,25.5,1879.22222222222,0.00975712166939746,0.516467112490061,0.194982276705292
"63","dat_input.csv","2022-05-03",15,25.6,1897.55555555556,0.00978038514174404,0.521505667067066,0.196338422260695
"64","dat_input.csv","2022-05-03",16,25.9,1697.11111111111,0.00985050888447073,0.466417470358493,0.200463715580913
"65","dat_input.csv","2022-05-03",17,26.1,1391.44444444444,0.00989753714409296,0.382411024047361,0.203261953432868
"66","dat_input.csv","2022-05-03",18,27.6,912.777777777778,0.0102574802510703,0.250858944545962,0.225532165430752
"67","dat_input.csv","2022-05-03",19,27.6,522.111111111111,0.0102574802510703,0.143491927014178,0.225532165430752
"68","dat_input.csv","2022-05-03",20,27.6,67.1111111111111,0.0102574802510703,0.0184441634212734,0.225532165430752
"69","dat_input.csv","2022-05-03",21,27.5,0,0.0102330819676992,0,0.223974373327568
"70","dat_input.csv","2022-05-03",22,27.4,0,0.0102087417177064,0,0.22242734118065
"71","dat_input.csv","2022-05-03",23,27.1,0,0.0101360677892656,0,0.217850063830745
"72","dat_input.csv","2022-05-03",24,26.9,0,0.0100879061485865,0,0.214850996448155
"73","dat_input.csv","2022-05-04",1,26.8,0,0.00996652277978053,0,0.250937297444287
"74","dat_input.csv","2022-05-04",2,26.6,0,0.00991916673413051,0,0.247482729423481
"75","dat_input.csv","2022-05-04",3,26.5,0,0.0098955731580416,0,0.245773320741867
"76","dat_input.csv","2022-05-04",4,26.2,0,0.00982512861203833,0,0.240715612241324
"77","dat_input.csv","2022-05-04",5,26.6,0,0.00991916673413051,0,0.247482729423481
"78","dat_input.csv","2022-05-04",6,26.5,0,0.0098955731580416,0,0.245773320741867
"79","dat_input.csv","2022-05-04",7,26.5,7.77777777777778,0.0098955731580416,0.0029614470593807,0.245773320741867
"80","dat_input.csv","2022-05-04",8,26.3,292.777777777778,0.0098485542303213,0.111477328592402,0.242389843423631
"81","dat_input.csv","2022-05-04",9,26.5,698.777777777778,0.0098955731580416,0.266064865092074,0.245773320741867
"82","dat_input.csv","2022-05-04",10,26.2,962.444444444444,0.00982512861203833,0.366457920405079,0.240715612241324
"83","dat_input.csv","2022-05-04",11,26.3,1546.88888888889,0.0098485542303213,0.588989513724258,0.242389843423631
"84","dat_input.csv","2022-05-04",12,26.4,1764.33333333333,0.00987203570126671,0.671783112227228,0.244075719260084
"85","dat_input.csv","2022-05-04",13,26.3,1950.88888888889,0.0098485542303213,0.742815535265804,0.242389843423631
"86","dat_input.csv","2022-05-04",14,26.3,1983.11111111111,0.0098485542303213,0.755084387368951,0.242389843423631
"87","dat_input.csv","2022-05-04",15,26.3,1898,0.0098485542303213,0.722677695262015,0.242389843423631
"88","dat_input.csv","2022-05-04",16,26.1,1687.77777777778,0.00980175871356755,0.642634011885612,0.239052945281395
"89","dat_input.csv","2022-05-04",17,26.3,1393.88888888889,0.0098485542303213,0.530733619427583,0.242389843423631
"90","dat_input.csv","2022-05-04",18,26.3,1004.55555555556,0.0098485542303213,0.3824920409123,0.242389843423631
"91","dat_input.csv","2022-05-04",19,27.8,552.333333333333,0.0102067159787732,0.210305047602592,0.268947067281864
"92","dat_input.csv","2022-05-04",20,27.8,106.111111111111,0.0102067159787732,0.0404025991672651,0.268947067281864
"93","dat_input.csv","2022-05-04",21,27.5,0,0.0101340564711504,0,0.263412471971511
"94","dat_input.csv","2022-05-04",22,27.5,0,0.0101340564711504,0,0.263412471971511
"95","dat_input.csv","2022-05-04",23,27.4,0,0.0101099517616672,0,0.26159303363138
"96","dat_input.csv","2022-05-04",24,27.1,0,0.0100379810985645,0,0.256209775164241
"97","dat_input.csv","2022-05-05",1,26.9,0,0.00995169977923442,0,0.12510914417848
"98","dat_input.csv","2022-05-05",2,26.2,0,0.00978718076316555,0,0.119183994177432
"99","dat_input.csv","2022-05-05",3,26.7,0,0.00990441416523906,0,0.123386809344276
"100","dat_input.csv","2022-05-05",4,26.7,0,0.00990441416523906,0,0.123386809344276
"101","dat_input.csv","2022-05-05",5,26.9,0,0.00995169977923442,0,0.12510914417848
"102","dat_input.csv","2022-05-05",6,26.7,0,0.00990441416523906,0,0.123386809344276
"103","dat_input.csv","2022-05-05",7,26.5,11,0.00985735322937311,0.00120325358742506,0.121688185305158
"104","dat_input.csv","2022-05-05",8,26.7,293.888888888889,0.00990441416523906,0.0321475327145383,0.123386809344276
"105","dat_input.csv","2022-05-05",9,26.7,715.555555555556,0.00990441416523906,0.0782722535658323,0.123386809344276
"106","dat_input.csv","2022-05-05",10,26.7,1091.33333333333,0.00990441416523906,0.119377340764534,0.123386809344276
"107","dat_input.csv","2022-05-05",11,26.9,1502.33333333333,0.00995169977923442,0.164335270258325,0.12510914417848
"108","dat_input.csv","2022-05-05",12,27,1781.22222222222,0.00997542717553632,0.194842002626375,0.125979306393657
"109","dat_input.csv","2022-05-05",13,26.8,1933.77777777778,0.00992802882054921,0.211529549853998,0.124244992333597
"110","dat_input.csv","2022-05-05",14,27,1966.55555555556,0.00997542717553632,0.215115002462992,0.125979306393657
"111","dat_input.csv","2022-05-05",15,26.6,1901.22222222222,0.00988085567938162,0.207968405398285,0.122534553982534
"112","dat_input.csv","2022-05-05",16,26.4,1701.55555555556,0.00983390668192753,0.186127529675025,0.120847662651739
"113","dat_input.csv","2022-05-05",17,26.4,1388.77777777778,0.00983390668192753,0.151913803931574,0.120847662651739
"114","dat_input.csv","2022-05-05",18,26.4,999.333333333333,0.00983390668192753,0.109313765306071,0.120847662651739
"115","dat_input.csv","2022-05-05",19,27.3,536,0.0100469493373641,0.0586312657145302,0.128626274751492
"116","dat_input.csv","2022-05-05",20,27.3,105.111111111111,0.0100469493373641,0.0114977565020617,0.128626274751492
"117","dat_input.csv","2022-05-05",21,27.4,0,0.010070903832962,0,0.129520899400254
"118","dat_input.csv","2022-05-05",22,27.5,0,0.010094915442201,0,0.13042174636451
"119","dat_input.csv","2022-05-05",23,27.3,0,0.0100469493373641,0,0.128626274751492
"120","dat_input.csv","2022-05-05",24,27,0,0.00997542717553632,0,0.125979306393657
"121","dat_input.csv","2022-05-06",1,27.1,0,0.00999226830196349,0,0.154868723234732
"122","dat_input.csv","2022-05-06",2,26.7,0,0.00989753714442336,0,0.150634024512838
"123","dat_input.csv","2022-05-06",3,26.6,0,0.00987399501614093,0,0.149593567629853
"124","dat_input.csv","2022-05-06",4,26.7,0,0.00989753714442336,0,0.150634024512838
"125","dat_input.csv","2022-05-06",5,26.5,0,0.00985050888479955,0,0.148560297373719
"126","dat_input.csv","2022-05-06",6,26.6,0,0.00987399501614093,0,0.149593567629853
"127","dat_input.csv","2022-05-06",7,26.6,3.88888888888889,0.00987399501614093,0.000895715201917957,0.149593567629853
"128","dat_input.csv","2022-05-06",8,26.6,76,0.00987399501614093,0.0175048342317681,0.149593567629853
"129","dat_input.csv","2022-05-06",9,26.7,224.888888888889,0.00989753714442336,0.0517979305337699,0.150634024512838
"130","dat_input.csv","2022-05-06",10,26.7,998.888888888889,0.00989753714442336,0.230070847578355,0.150634024512838
"131","dat_input.csv","2022-05-06",11,26.7,1504.33333333333,0.00989753714442336,0.346488231964777,0.150634024512838
"132","dat_input.csv","2022-05-06",12,27,1705.66666666667,0.00996850084761958,0.392860687561217,0.153799016509642
"133","dat_input.csv","2022-05-06",13,27.1,462.333333333333,0.00999226830196349,0.106487741576589,0.154868723234732
"134","dat_input.csv","2022-05-06",14,27.2,236.444444444444,0.0100160924239944,0.0544594842766117,0.155945870010504
"135","dat_input.csv","2022-05-06",15,27.3,774.555555555556,0.0100399733488226,0.178400876359145,0.157030508584183
"136","dat_input.csv","2022-05-06",16,27.3,215.777777777778,0.0100399733488226,0.0496993977749907,0.157030508584183
"137","dat_input.csv","2022-05-06",17,27.2,163,0.0100160924239944,0.0375432628918184,0.155945870010504
"138","dat_input.csv","2022-05-06",18,27.1,18.5555555555556,0.00999226830196349,0.00427384110629426,0.154868723234732
"139","dat_input.csv","2022-05-06",19,27,20.7777777777778,0.00996850084761958,0.00478567836453309,0.153799016509642
"140","dat_input.csv","2022-05-06",20,26.9,109.111111111111,0.00994478992617379,0.0251312093795266,0.152736698445438
"141","dat_input.csv","2022-05-06",21,26.9,0,0.00994478992617379,0,0.152736698445438
"142","dat_input.csv","2022-05-06",22,26.8,0,0.00992113540315786,0,0.15168171800728
"143","dat_input.csv","2022-05-06",23,26.7,0,0.00989753714442336,0,0.150634024512838
"144","dat_input.csv","2022-05-06",24,26.7,0,0.00989753714442336,0,0.150634024512838
"145","dat_input.csv","2022-05-07",1,26.6,0,0.00995268729226821,0,0.0407736184056753
"146","dat_input.csv","2022-05-07",2,26.6,0,0.00995268729226821,0,0.0407736184056753
"147","dat_input.csv","2022-05-07",3,26.5,0,0.00992901398469982,0,0.0404919875320954
"148","dat_input.csv","2022-05-07",4,26.4,0,0.0099053969860935,0,0.0402123019347028
"149","dat_input.csv","2022-05-07",5,26.2,0,0.00985833138034315,0,0.0396587129157668
"150","dat_input.csv","2022-05-07",6,26.2,0,0.00985833138034315,0,0.0396587129157668
"151","dat_input.csv","2022-05-07",7,26.1,12.5555555555556,0.00983488250628285,0.00152926272940068,0.0393847828992449
"152","dat_input.csv","2022-05-07",8,25.8,296.666666666667,0.00976487000452214,0.0361339069690248,0.038574293173752
"153","dat_input.csv","2022-05-07",9,25.8,724.333333333333,0.00976487000452214,0.0882235728580796,0.038574293173752
"154","dat_input.csv","2022-05-07",10,26.2,1150.44444444444,0.00985833138034315,0.14012377256827,0.0396587129157668
"155","dat_input.csv","2022-05-07",11,26.5,1510.33333333333,0.00992901398469982,0.18395812637826,0.0404919875320954
"156","dat_input.csv","2022-05-07",12,26.6,1784.55555555556,0.00995268729226821,0.21735830705225,0.0407736184056753
"157","dat_input.csv","2022-05-07",13,26.7,1949.22222222222,0.00997641704305362,0.237414655414832,0.0410572080852755
"158","dat_input.csv","2022-05-07",14,26.8,1981,0.0100002033716311,0.24128517878305,0.0413427701948321
"159","dat_input.csv","2022-05-07",15,26.9,1894.22222222222,0.0100240464128966,0.230715672662148,0.0416303184530389
"160","dat_input.csv","2022-05-07",16,27,1694.11111111111,0.0100479463020677,0.206342202081169,0.0419198666740059
"161","dat_input.csv","2022-05-07",17,26.9,1385.11111111111,0.0100240464128966,0.168706098979724,0.0416303184530389
"162","dat_input.csv","2022-05-07",18,26.9,985.777777777778,0.0100240464128966,0.120067424205688,0.0416303184530389
"163","dat_input.csv","2022-05-07",19,26.9,532,0.0100240464128966,0.0647974331714197,0.0416303184530389
"164","dat_input.csv","2022-05-07",20,26.9,111.777777777778,0.0100240464128966,0.0136144982812131,0.0416303184530389
"165","dat_input.csv","2022-05-07",21,26.8,0,0.0100002033716311,0,0.0413427701948321
"166","dat_input.csv","2022-05-07",22,26.6,0,0.00995268729226821,0,0.0407736184056753
"167","dat_input.csv","2022-05-07",23,26.5,0,0.00992901398469982,0,0.0404919875320954
"168","dat_input.csv","2022-05-07",24,26.3,0,0.00988183616251363,0,0.0399345481771174
"169","dat_input.csv","2022-05-08",1,26.3,0,0.0100479463040878,0,0.0629089864323127
"170","dat_input.csv","2022-05-08",2,26.2,0,0.0100240464149119,0,0.0624744625048878
"171","dat_input.csv","2022-05-08",3,26.1,0,0.0100002033736416,0,0.0620429399140638
"172","dat_input.csv","2022-05-08",4,26.1,0,0.0100002033736416,0,0.0620429399140638
"173","dat_input.csv","2022-05-08",5,25.9,0,0.00995268729426911,0,0.0611888159622765
"174","dat_input.csv","2022-05-08",6,25.9,0,0.00995268729426911,0,0.0611888159622765
"175","dat_input.csv","2022-05-08",7,25.8,13.6666666666667,0.00992901398669597,0.00146757775344497,0.0607661735683315
"176","dat_input.csv","2022-05-08",8,25.8,296.666666666667,0.00992901398669597,0.0318571756235615,0.0607661735683315
"177","dat_input.csv","2022-05-08",9,25.7,728.666666666667,0.0099053969880849,0.0782469504641632,0.0603464504430527
"178","dat_input.csv","2022-05-08",10,25.8,1157.88888888889,0.00992901398669597,0.124338437143496,0.0607661735683315
"179","dat_input.csv","2022-05-08",11,25.9,1523.22222222222,0.00995268729426911,0.163569296113634,0.0611888159622765
"180","dat_input.csv","2022-05-08",12,26.1,1796.11111111111,0.0100002033736416,0.19287312507673,0.0620429399140638
"181","dat_input.csv","2022-05-08",13,25.7,1962.33333333333,0.0099053969880849,0.210722688647085,0.0603464504430527
"182","dat_input.csv","2022-05-08",14,26,2003.22222222222,0.0099764170450593,0.215113490380969,0.0616143979290574
"183","dat_input.csv","2022-05-08",15,25.3,1909,0.00981148940932308,0.204995555950715,0.0586963494334724
"184","dat_input.csv","2022-05-08",16,25.2,1701.66666666667,0.00978815195284825,0.182731327593575,0.0582909229637775
"185","dat_input.csv","2022-05-08",17,25.1,1392.22222222222,0.00976487000648529,0.149502026428174,0.0578882968491969
"186","dat_input.csv","2022-05-08",18,25.8,998.333333333333,0.00992901398669597,0.107204765160187,0.0607661735683315
"187","dat_input.csv","2022-05-08",19,25.8,544.333333333333,0.00992901398669597,0.0584525480823323,0.0607661735683315
"188","dat_input.csv","2022-05-08",20,26.1,117.888888888889,0.0100002033736416,0.0126593495642692,0.0620429399140638
"189","dat_input.csv","2022-05-08",21,26.1,0,0.0100002033736416,0,0.0620429399140638
"190","dat_input.csv","2022-05-08",22,26,0,0.0099764170450593,0,0.0616143979290574
"191","dat_input.csv","2022-05-08",23,25.8,0,0.00992901398669597,0,0.0607661735683315
"192","dat_input.csv","2022-05-08",24,25.4,0,0.00983488250826008,0,0.0591045957353807
"193","dat_input.csv","2022-05-09",1,25.5,0,0.00992015101964294,0,0.0966888397013165
"194","dat_input.csv","2022-05-09",2,25.6,0,0.00994380319563693,0,0.0973613323115872
"195","dat_input.csv","2022-05-09",3,25.4,0,0.00989655510234779,0,0.0960209921210606
"196","dat_input.csv","2022-05-09",4,25.3,0,0.00987301530993541,0,0.0953577574867438
"197","dat_input.csv","2022-05-09",5,25.1,0,0.00982610356608537,0,0.0940449998261468
"198","dat_input.csv","2022-05-09",6,25,0,0.00980273134860402,0,0.0933954137336558
"199","dat_input.csv","2022-05-09",7,25,13.4444444444444,0.00980273134860402,0.00225001630248574,0.0933954137336558
"200","dat_input.csv","2022-05-09",8,24.9,240,0.00977941472391653,0.0401655802757787,0.0927503144516529
"201","dat_input.csv","2022-05-09",9,24.8,685.333333333333,0.00975615355979074,0.114695045898612,0.0921096709889134
"202","dat_input.csv","2022-05-09",10,24.7,1174.77777777778,0.00973294772430902,0.196606796414726,0.0914734525682752
"203","dat_input.csv","2022-05-09",11,24.9,1050.66666666667,0.00977941472391653,0.175835984762854,0.0927503144516529
"204","dat_input.csv","2022-05-09",12,25.3,1818.33333333333,0.00987301530993541,0.304310056117184,0.0953577574867438
"205","dat_input.csv","2022-05-09",13,25.6,1956,0.00994380319563693,0.327349479247596,0.0973613323115872
"206","dat_input.csv","2022-05-09",14,26,2012,0.0100389771741054,0.336721447978611,0.10009840257732
"207","dat_input.csv","2022-05-09",15,26.2,1998.44444444444,0.0100869052182727,0.334452836500071,0.10149565862538
"208","dat_input.csv","2022-05-09",16,26.2,1723.66666666667,0.0100869052182727,0.288466966119517,0.10149565862538
"209","dat_input.csv","2022-05-09",17,26.1,1370.22222222222,0.010062912662028,0.22931571109301,0.100794609463669
"210","dat_input.csv","2022-05-09",18,26.2,965.666666666667,0.0100869052182727,0.161610675081848,0.10149565862538
"211","dat_input.csv","2022-05-09",19,26.2,509,0.0100869052182727,0.0851845015015473,0.10149565862538
"212","dat_input.csv","2022-05-09",20,26.2,101.666666666667,0.0100869052182727,0.0170145860890452,0.10149565862538
"213","dat_input.csv","2022-05-09",21,26.1,0,0.010062912662028,0,0.100794609463669
"214","dat_input.csv","2022-05-09",22,25.9,0,0.0100150986187629,0,0.099407004519848
"215","dat_input.csv","2022-05-09",23,25.7,0,0.00996751176446487,0,0.0980385022591004
"216","dat_input.csv","2022-05-09",24,25.7,0,0.00996751176446487,0,0.0980385022591004
"217","dat_input.csv","2022-05-10",1,25.3,0,0.00999325984115969,0,0.044451944770675
"218","dat_input.csv","2022-05-10",2,25.2,0,0.00996949002835603,0,0.0441449070210808
"219","dat_input.csv","2022-05-10",3,25,0,0.00992211988379087,0,0.0435371791718146
"220","dat_input.csv","2022-05-10",4,24.7,0,0.00985148635711782,0,0.0426412383084113
"221","dat_input.csv","2022-05-10",5,24.6,0,0.00982805376452355,0,0.0423467074410293
"222","dat_input.csv","2022-05-10",6,24.6,0,0.00982805376452355,0,0.0423467074410293
"223","dat_input.csv","2022-05-10",7,24.4,15.7777777777778,0.00978135565596478,0.00100087879045004,0.0417637347908807
"224","dat_input.csv","2022-05-10",8,24.4,303.555555555556,0.00978135565596478,0.0192563440528839,0.0417637347908807
"225","dat_input.csv","2022-05-10",9,24.4,737.111111111111,0.00978135565596478,0.0467593654637013,0.0417637347908807
"226","dat_input.csv","2022-05-10",10,24.4,1149.11111111111,0.00978135565596478,0.0728949890903826,0.0417637347908807
"227","dat_input.csv","2022-05-10",11,24.4,1510.55555555556,0.00978135565596478,0.0958235715223125,0.0417637347908807
"228","dat_input.csv","2022-05-10",12,24.2,1779.22222222222,0.00973487943399671,0.112866704728708,0.0411887877259867
"229","dat_input.csv","2022-05-10",13,24.7,1942.22222222222,0.00985148635711782,0.123206769415963,0.0426412383084113
"230","dat_input.csv","2022-05-10",14,25.2,1975.55555555556,0.00996949002835603,0.125321302071844,0.0441449070210808
"231","dat_input.csv","2022-05-10",15,25.4,1893.55555555556,0.0100170863272735,0.120119551738378,0.0447611180368222
"232","dat_input.csv","2022-05-10",16,25.7,1693.88888888889,0.0100889071783244,0.107453501129654,0.0457015999818059
"233","dat_input.csv","2022-05-10",17,25.6,1367.88888888889,0.0100649098602486,0.0867733717551443,0.0453859306340719
"234","dat_input.csv","2022-05-10",18,25.7,982.777777777778,0.0100889071783244,0.0623434711375397,0.0457015999818059
"235","dat_input.csv","2022-05-10",19,25.5,540.666666666667,0.0100409696218212,0.0342977196783797,0.04507244167252
"236","dat_input.csv","2022-05-10",20,25.7,113,0.0100889071783244,0.00716826570343446,0.0457015999818059
"237","dat_input.csv","2022-05-10",21,25.7,0,0.0100889071783244,0,0.0457015999818059
"238","dat_input.csv","2022-05-10",22,25.7,0,0.0100889071783244,0,0.0457015999818059
"239","dat_input.csv","2022-05-10",23,25.6,0,0.0100649098602486,0,0.0453859306340719
"240","dat_input.csv","2022-05-10",24,25.3,0,0.00999325984115969,0,0.044451944770675
"241","dat_input.csv","2022-05-11",1,25.3,0,0.0100839030233296,0,0.0985106653677084
"242","dat_input.csv","2022-05-11",2,25.3,0,0.0100839030233296,0,0.0985106653677084
"243","dat_input.csv","2022-05-11",3,25.1,0,0.0100359892441255,0,0.0971545027017612
"244","dat_input.csv","2022-05-11",4,25,0,0.0100121177958269,0,0.0964834387016059
"245","dat_input.csv","2022-05-11",5,25,0,0.0100121177958269,0,0.0964834387016059
"246","dat_input.csv","2022-05-11",6,24.7,0,0.00994084359256508,0,0.0944979298326619
"247","dat_input.csv","2022-05-11",7,23.9,16.2222222222222,0.00975324980742589,0.00156790643572484,0.0894007201767104
"248","dat_input.csv","2022-05-11",8,23.4,311.333333333333,0.00963780565927928,0.0300909166637054,0.0863555429435666
"249","dat_input.csv","2022-05-11",9,23.7,742,0.00970690713071486,0.0717156108066471,0.088169971013055
"250","dat_input.csv","2022-05-11",10,23.8,1161.33333333333,0.00973005087876449,0.112244918261616,0.088783212977042
"251","dat_input.csv","2022-05-11",11,23.6,1524.11111111111,0.00968381843202524,0.147308031361901,0.0875609648239829
"252","dat_input.csv","2022-05-11",12,24,1787.88888888889,0.00977650404826373,0.172802619570195,0.090022522277733
"253","dat_input.csv","2022-05-11",13,24.5,1948.55555555556,0.0098936095618634,0.188331336734976,0.0931970091255487
"254","dat_input.csv","2022-05-11",14,25.2,1984.77777777778,0.0100599176080592,0.191832278502417,0.0978302341028545
"255","dat_input.csv","2022-05-11",15,25.3,1892.55555555556,0.0100839030233296,0.182918837806173,0.0985106653677084
"256","dat_input.csv","2022-05-11",16,25.1,1688,0.0100359892441255,0.163148181996793,0.0971545027017612
"257","dat_input.csv","2022-05-11",17,25.2,1376,0.0100599176080592,0.13299283082203,0.0978302341028545
"258","dat_input.csv","2022-05-11",18,24.9,985.444444444444,0.00998830312778485,0.0952449464276958,0.0958170098637929
"259","dat_input.csv","2022-05-11",19,25.1,521.666666666667,0.0100359892441255,0.0504200049022474,0.0971545027017612
"260","dat_input.csv","2022-05-11",20,24.7,123.777777777778,0.00994084359256508,0.0119633408862841,0.0944979298326619
"261","dat_input.csv","2022-05-11",21,24.8,0,0.00996454510494272,0,0.0951551841724043
"262","dat_input.csv","2022-05-11",22,25,0,0.0100121177958269,0,0.0964834387016059
"263","dat_input.csv","2022-05-11",23,25,0,0.0100121177958269,0,0.0964834387016059
"264","dat_input.csv","2022-05-11",24,24.7,0,0.00994084359256508,0,0.0944979298326619
"265","dat_input.csv","2022-05-12",1,24.6,0,0.00989753714550438,0,0.0304704398835326
"266","dat_input.csv","2022-05-12",2,24.3,0,0.00982707861827911,0,0.029843396222532
"267","dat_input.csv","2022-05-12",3,24.5,0,0.00987399501721938,0,0.0302599749569866
"268","dat_input.csv","2022-05-12",4,24.5,0,0.00987399501721938,0,0.0302599749569866
"269","dat_input.csv","2022-05-12",5,24.3,0,0.00982707861827911,0,0.029843396222532
"270","dat_input.csv","2022-05-12",6,24.1,0,0.00978038514313874,0,0.0294325523851567
"271","dat_input.csv","2022-05-12",7,23.9,18.8888888888889,0.00973391353257333,0.000563555068550858,0.0290273644944923
"272","dat_input.csv","2022-05-12",8,23.9,320.222222222222,0.00973391353257333,0.00955391592684453,0.0290273644944923
"273","dat_input.csv","2022-05-12",9,24,746.222222222222,0.00975712167078885,0.0222637402375739,0.0292292563382509
"274","dat_input.csv","2022-05-12",10,24.3,1160.88888888889,0.00982707861827911,0.0346354315071727,0.029843396222532
"275","dat_input.csv","2022-05-12",11,24.6,1527.88888888889,0.00989753714550438,0.0455849749861344,0.0304704398835326
"276","dat_input.csv","2022-05-12",12,24.8,1802.77777777778,0.00994478992725998,0.0537863587484569,0.0308957714104911
"277","dat_input.csv","2022-05-12",13,25.2,1961.55555555556,0.0100399733499192,0.0585235363540992,0.0317643287243322
"278","dat_input.csv","2022-05-12",14,25.3,1994.55555555556,0.0100639112129796,0.0595081002091557,0.0319852567694231
"279","dat_input.csv","2022-05-12",15,25.1,1894.22222222222,0.0100160924250884,0.0565146282862059,0.0315449266698394
"280","dat_input.csv","2022-05-12",16,25.1,1719.88888888889,0.0100160924250884,0.0513133465064631,0.0315449266698394
"281","dat_input.csv","2022-05-12",17,24.9,1296,0.00996850084870835,0.0386665077622188,0.031110658444262
"282","dat_input.csv","2022-05-12",18,26,983.666666666667,0.0102330819691585,0.0293479589522397,0.0335753817311587
"283","dat_input.csv","2022-05-12",19,25.3,562.222222222222,0.0100639112129796,0.0167740508639255,0.0319852567694231
"284","dat_input.csv","2022-05-12",20,25.2,121,0.0100399733499192,0.00361006746854049,0.0317643287243322
"285","dat_input.csv","2022-05-12",21,25.2,0,0.0100399733499192,0,0.0317643287243322
"286","dat_input.csv","2022-05-12",22,25.1,0,0.0100160924250884,0,0.0315449266698394
"287","dat_input.csv","2022-05-12",23,25,0,0.00999226830305486,0,0.0313270400656472
"288","dat_input.csv","2022-05-12",24,25.1,0,0.0100160924250884,0,0.0315449266698394
"289","dat_input.csv","2022-05-13",1,25.2,0,0.00986811824004936,0,0.140126357947449
"290","dat_input.csv","2022-05-13",2,25.2,0,0.00986811824004936,0,0.140126357947449
"291","dat_input.csv","2022-05-13",3,25.1,0,0.00984464608711641,0,0.139158479447982
"292","dat_input.csv","2022-05-13",4,25.3,0,0.00989164635659526,0,0.141100968259403
"293","dat_input.csv","2022-05-13",5,25.4,0,0.00991523057018568,0,0.142082357205114
"294","dat_input.csv","2022-05-13",6,24.9,0,0.00979786913994929,0,0.137242732216219
"295","dat_input.csv","2022-05-13",7,24.8,17.6666666666667,0.00977456408043586,0.00396125383410749,0.136294771449481
"296","dat_input.csv","2022-05-13",8,24.8,268.666666666667,0.00977456408043586,0.0602409545337856,0.136294771449481
"297","dat_input.csv","2022-05-13",9,25.6,534,0.00996256782381773,0.119734502683777,0.144065659913408
"298","dat_input.csv","2022-05-13",10,25.6,808.444444444444,0.00996256782381773,0.181270961616139,0.144065659913408
"299","dat_input.csv","2022-05-13",11,25.7,1440.11111111111,0.0099863211323162,0.322904471345076,0.145067668955867
"300","dat_input.csv","2022-05-13",12,25.7,619.888888888889,0.0099863211323162,0.138992673839533,0.145067668955867
"301","dat_input.csv","2022-05-13",13,25.6,103.444444444444,0.00996256782381773,0.0231945114437362,0.144065659913408
"302","dat_input.csv","2022-05-13",14,25.5,403.333333333333,0.00993887101457031,0.0904361724390576,0.143070571931503
"303","dat_input.csv","2022-05-13",15,25.8,1204.33333333333,0.0100101310747744,0.270037926464723,0.14607664719641
"304","dat_input.csv","2022-05-13",16,25.7,1806.55555555556,0.0099863211323162,0.40506934647015,0.145067668955867
"305","dat_input.csv","2022-05-13",17,25.8,1391.22222222222,0.0100101310747744,0.311942511049432,0.14607664719641
"306","dat_input.csv","2022-05-13",18,25.8,1048.44444444444,0.0100101310747744,0.235084221249296,0.14607664719641
"307","dat_input.csv","2022-05-13",19,25.7,362.222222222222,0.0099863211323162,0.0812181603722667,0.145067668955867
"308","dat_input.csv","2022-05-13",20,25.9,125.666666666667,0.0100339977862221,0.0281772206690288,0.147092643107377
"309","dat_input.csv","2022-05-13",21,25.8,0,0.0100101310747744,0,0.14607664719641
"310","dat_input.csv","2022-05-13",22,25.7,0,0.0099863211323162,0,0.145067668955867
"311","dat_input.csv","2022-05-13",23,25.5,0,0.00993887101457031,0,0.143070571931503
"312","dat_input.csv","2022-05-13",24,25.6,0,0.00996256782381773,0,0.144065659913408
"313","dat_input.csv","2022-05-14",1,25.2,0,0.00979884138766575,0,0.229956896901189
"314","dat_input.csv","2022-05-14",2,25.4,0,0.00984562297653399,0,0.233166824899192
"315","dat_input.csv","2022-05-14",3,25.4,0,0.00984562297653399,0,0.233166824899192
"316","dat_input.csv","2022-05-14",4,25.4,0,0.00984562297653399,0,0.233166824899192
"317","dat_input.csv","2022-05-14",5,25.5,0,0.00986909745862104,0,0.234788552568997
"318","dat_input.csv","2022-05-14",6,25.5,0,0.00986909745862104,0,0.234788552568997
"319","dat_input.csv","2022-05-14",7,25.2,23.4444444444444,0.00979884138766575,0.00759352889285963,0.229956896901189
"320","dat_input.csv","2022-05-14",8,25,334.444444444444,0.00975228208204584,0.108324748661173,0.226791158885001
"321","dat_input.csv","2022-05-14",9,25.3,703.666666666667,0.00982220433048581,0.227913831651565,0.231556298800359
"322","dat_input.csv","2022-05-14",10,25.5,1155.44444444444,0.00986909745862104,0.374242213065626,0.234788552568997
"323","dat_input.csv","2022-05-14",11,25.6,1583.33333333333,0.00989262790987434,0.512833112432463,0.236421559719218
"324","dat_input.csv","2022-05-14",12,25.7,1782.33333333333,0.00991621446373869,0.577288137300291,0.238065924801176
"325","dat_input.csv","2022-05-14",13,25.8,486.888888888889,0.00993985725397707,0.157700680609057,0.239721726811838
"326","dat_input.csv","2022-05-14",14,26,2250.77777777778,0.00998731208022315,0.729014762003118,0.243067960358178
"327","dat_input.csv","2022-05-14",15,25.7,2132.88888888889,0.00991621446373869,0.690831187807269,0.238065924801176
"328","dat_input.csv","2022-05-14",16,25.9,1457.11111111111,0.00996355641467137,0.471950416592234,0.241389045297615
"329","dat_input.csv","2022-05-14",17,26.3,1149,0.0100589194548505,0.372154892327306,0.248175094365261
"330","dat_input.csv","2022-05-14",18,26.5,1014.33333333333,0.0101069427073738,0.328537086554102,0.251639326986874
"331","dat_input.csv","2022-05-14",19,26.4,286,0.0100829024902685,0.0926338548351693,0.249901207922207
"332","dat_input.csv","2022-05-14",20,26.3,118,0.0100589194548505,0.0382195624844405,0.248175094365261
"333","dat_input.csv","2022-05-14",21,26.3,0,0.0100589194548505,0,0.248175094365261
"334","dat_input.csv","2022-05-14",22,26.4,0,0.0100829024902685,0,0.249901207922207
"335","dat_input.csv","2022-05-14",23,26.3,0,0.0100589194548505,0,0.248175094365261
"336","dat_input.csv","2022-05-14",24,26.2,0,0.0100349934651085,0,0.246460903391787
"337","dat_input.csv","2022-05-15",1,26,0,0.00979981373321403,0,0.271152433281553
"338","dat_input.csv","2022-05-15",2,25.8,0,0.00975324980748325,0,0.267419570393818
"339","dat_input.csv","2022-05-15",3,25.8,0,0.00975324980748325,0,0.267419570393818
"340","dat_input.csv","2022-05-15",4,25.8,0,0.00975324980748325,0,0.267419570393818
"341","dat_input.csv","2022-05-15",5,25.6,0,0.00970690713077195,0,0.263738096553823
"342","dat_input.csv","2022-05-15",6,25.6,0,0.00970690713077195,0,0.263738096553823
"343","dat_input.csv","2022-05-15",7,25.7,22,0.00973005087882172,0.00877089408207969,0.265572454288668
"344","dat_input.csv","2022-05-15",8,25.8,363.888888888889,0.00975324980748325,0.145074131913187,0.267419570393818
"345","dat_input.csv","2022-05-15",9,25.8,728.333333333333,0.00975324980748325,0.290369751050668,0.267419570393818
"346","dat_input.csv","2022-05-15",10,25.9,1178.77777777778,0.00977650404832123,0.469951592509008,0.269279533606606
"347","dat_input.csv","2022-05-15",11,26,1294.33333333333,0.00979981373321403,0.516020935162354,0.271152433281553
"348","dat_input.csv","2022-05-15",12,26.1,1823.77777777778,0.00982317899435443,0.727098259915435,0.273038359394661
"349","dat_input.csv","2022-05-15",13,26.2,1984.88888888889,0.00984659996425044,0.791329554960968,0.274937402547733
"350","dat_input.csv","2022-05-15",14,26.2,2055,0.00984659996425044,0.819281242666989,0.274937402547733
"351","dat_input.csv","2022-05-15",15,26.2,1898.77777777778,0.00984659996425044,0.756999035195252,0.274937402547733
"352","dat_input.csv","2022-05-15",16,27.3,806.444444444444,0.010107945626021,0.321510854786537,0.296719153638356
"353","dat_input.csv","2022-05-15",17,28.2,1489.44444444444,0.0103269250862525,0.593807248334737,0.315818101421659
"354","dat_input.csv","2022-05-15",18,28.5,391.333333333333,0.0104009674299242,0.156015600793357,0.322453798547047
"355","dat_input.csv","2022-05-15",19,28.3,479.888888888889,0.0103515471156081,0.191320664345971,0.31801468729498
"356","dat_input.csv","2022-05-15",20,28,65.1111111111111,0.0102778565849693,0.0259583026873672,0.311470341544292
"357","dat_input.csv","2022-05-15",21,27.5,0,0.0101562029390921,0,0.30086100427055
"358","dat_input.csv","2022-05-15",22,27.4,0,0.0101320455523639,0,0.298782902037488
"359","dat_input.csv","2022-05-15",23,27.2,0,0.0100839030233889,0,0.294669659928584
"360","dat_input.csv","2022-05-15",24,27,0,0.0100359892441845,0,0.29061304341817
"361","dat_input.csv","2022-05-16",1,26.8,0,0.00990637990636395,0,0.243417524690383
"362","dat_input.csv","2022-05-16",2,26.8,0,0.00990637990636395,0,0.243417524690383
"363","dat_input.csv","2022-05-16",3,26.9,0,0.00992999924850347,0,0.24511054828101
"364","dat_input.csv","2022-05-16",4,26.8,0,0.00990637990636395,0,0.243417524690383
"365","dat_input.csv","2022-05-16",5,26.7,0,0.00988281674482518,0,0.241736195124752
"366","dat_input.csv","2022-05-16",6,26.6,0,0.00985930963025683,0,0.240066478811338
"367","dat_input.csv","2022-05-16",7,26.6,15.4444444444444,0.00985930963025683,0.00547446859027518,0.240066478811338
"368","dat_input.csv","2022-05-16",8,26.5,313.777777777778,0.00983585842934646,0.111222297114656,0.238408295535275
"369","dat_input.csv","2022-05-16",9,26.5,287.333333333333,0.00983585842934646,0.101848746578789,0.238408295535275
"370","dat_input.csv","2022-05-16",10,26.4,191,0.00981246300909872,0.0677022410552738,0.236761565635754
"371","dat_input.csv","2022-05-16",11,26.5,1624.33333333333,0.00983585842934646,0.575764433965704,0.238408295535275
"372","dat_input.csv","2022-05-16",12,26.6,1935.88888888889,0.00985930963025683,0.68619903775802,0.240066478811338
"373","dat_input.csv","2022-05-16",13,26.6,2084,0.00985930963025683,0.738698797692098,0.240066478811338
"374","dat_input.csv","2022-05-16",14,26.5,655.666666666667,0.00983585842934646,0.232408914756935,0.238408295535275
"375","dat_input.csv","2022-05-16",15,26.6,1838.77777777778,0.00985930963025683,0.651776839571686,0.240066478811338
"376","dat_input.csv","2022-05-16",16,26.8,1702.88888888889,0.00990637990636395,0.603609392910487,0.243417524690383
"377","dat_input.csv","2022-05-16",17,27.5,1445.11111111111,0.0100729026174937,0.512236967518843,0.255518858905842
"378","dat_input.csv","2022-05-16",18,28,1174.66666666667,0.0101935584704078,0.416374690189853,0.264529284701988
"379","dat_input.csv","2022-05-16",19,28,569.333333333333,0.0101935584704078,0.201807029183957,0.264529284701988
"380","dat_input.csv","2022-05-16",20,27.7,131.222222222222,0.0101209926283755,0.0465132906842805,0.259085601848855
"381","dat_input.csv","2022-05-16",21,27.6,0.111111111111111,0.010096918992346,3.93846661170877e-05,0.257296049995628
"382","dat_input.csv","2022-05-16",22,27.3,0,0.0100250411068423,0,0.252001218094057
"383","dat_input.csv","2022-05-16",23,27,0,0.00995367490519264,0,0.246815347231205
"384","dat_input.csv","2022-05-16",24,26.9,0,0.00992999924850347,0,0.24511054828101
"385","dat_input.csv","2022-05-17",1,26.8,0,0.00984757704891403,0,0.316605416624758
"386","dat_input.csv","2022-05-17",2,26.8,0,0.00984757704891403,0,0.316605416624758
"387","dat_input.csv","2022-05-17",3,26.7,0,0.00982415375493961,0,0.314418564842878
"388","dat_input.csv","2022-05-17",4,26.7,0,0.00982415375493961,0,0.314418564842878
"389","dat_input.csv","2022-05-17",5,26.8,0,0.00984757704891403,0,0.316605416624758
"390","dat_input.csv","2022-05-17",6,26.9,0,0.00987105619000917,0,0.318807478452261
"391","dat_input.csv","2022-05-17",7,26.9,21.7777777777778,0.00987105619000917,0.0114110767131471,0.318807478452261
"392","dat_input.csv","2022-05-17",8,26.9,289.333333333333,0.00987105619000917,0.15160430490324,0.318807478452261
"393","dat_input.csv","2022-05-17",9,26.9,608.888888888889,0.00987105619000917,0.319044389734929,0.318807478452261
"394","dat_input.csv","2022-05-17",10,26.9,1144.22222222222,0.00987105619000917,0.599547285673412,0.318807478452261
"395","dat_input.csv","2022-05-17",11,27,1461.22222222222,0.00989459131137882,0.765648315584681,0.321024856114673
"396","dat_input.csv","2022-05-17",12,27.1,1793.11111111111,0.00991818254649429,0.939550795901877,0.323257656137067
"397","dat_input.csv","2022-05-17",13,27.3,1996.77777777778,0.00996553389343968,1.04626765108146,0.327769953071779
"398","dat_input.csv","2022-05-17",14,26.9,1518.22222222222,0.00987105619000917,0.795515062287969,0.318807478452261
"399","dat_input.csv","2022-05-17",15,27,326,0.00989459131137882,0.170816832022314,0.321024856114673
"400","dat_input.csv","2022-05-17",16,27,435.111111111111,0.00989459131137882,0.227988655146347,0.321024856114673
"401","dat_input.csv","2022-05-17",17,27.6,663.444444444444,0.0100369851220723,0.347630301296946,0.334656772179349
"402","dat_input.csv","2022-05-17",18,27.9,383.555555555556,0.0101089486441884,0.200974677621346,0.34168829118078
"403","dat_input.csv","2022-05-17",19,28,448.888888888889,0.0101330509619831,0.235207907760787,0.344064810038023
"404","dat_input.csv","2022-05-17",20,27.8,74.2222222222222,0.0100849036557929,0.0388908124713381,0.339328187375917
"405","dat_input.csv","2022-05-17",21,27.7,0.111111111111111,0.0100609158604337,5.82197791487097e-05,0.336984385241651
"406","dat_input.csv","2022-05-17",22,27.7,0,0.0100609158604337,0,0.336984385241651
"407","dat_input.csv","2022-05-17",23,27.6,0,0.0100369851220723,0,0.334656772179349
"408","dat_input.csv","2022-05-17",24,27.3,0,0.00996553389343968,0,0.327769953071779
"409","dat_input.csv","2022-05-18",1,27.2,0,0.00987007677585385,0,0.215684200761467
"410","dat_input.csv","2022-05-18",2,26.9,0,0.00979981373334101,0,0.211245688833763
"411","dat_input.csv","2022-05-18",3,26.9,0,0.00979981373334101,0,0.211245688833763
"412","dat_input.csv","2022-05-18",4,27.2,0,0.00987007677585385,0,0.215684200761467
"413","dat_input.csv","2022-05-18",5,27.2,0,0.00987007677585385,0,0.215684200761467
"414","dat_input.csv","2022-05-18",6,27.2,0,0.00987007677585385,0,0.215684200761467
"415","dat_input.csv","2022-05-18",7,27.2,13.7777777777778,0.00987007677585385,0.00388201363020789,0.215684200761467
"416","dat_input.csv","2022-05-18",8,27.3,177,0.00989360956204978,0.0498713525235578,0.217184332851296
"417","dat_input.csv","2022-05-18",9,27.3,710.222222222222,0.00989360956204978,0.20011154132491,0.217184332851296
"418","dat_input.csv","2022-05-18",10,27.3,1169.22222222222,0.00989360956204978,0.329438947021593,0.217184332851296
"419","dat_input.csv","2022-05-18",11,27.3,1506.77777777778,0.00989360956204978,0.424548280961688,0.217184332851296
"420","dat_input.csv","2022-05-18",12,27.4,1789.33333333333,0.00991719845642387,0.504160866942482,0.218694898696953
"421","dat_input.csv","2022-05-18",13,27.2,1896.33333333333,0.00987007677585385,0.534309085699661,0.215684200761467
"422","dat_input.csv","2022-05-18",14,27.1,1823.44444444444,0.00984659996437803,0.513771981333399,0.214194430359599
"423","dat_input.csv","2022-05-18",15,27.1,1795.77777777778,0.00984659996437803,0.505976647511451,0.214194430359599
"424","dat_input.csv","2022-05-18",16,27.2,1649.44444444444,0.00987007677585385,0.464745905971258,0.215684200761467
"425","dat_input.csv","2022-05-18",17,27.7,1365.22222222222,0.00998830312797302,0.384663721567454,0.22328992698725
"426","dat_input.csv","2022-05-18",18,28.1,955.555555555556,0.0100839030235195,0.269236429191838,0.229567164626508
"427","dat_input.csv","2022-05-18",19,28.2,493.888888888889,0.0101079456261519,0.139157666018339,0.231163855850118
"428","dat_input.csv","2022-05-18",20,28.2,110.111111111111,0.0101079456261519,0.0310248024801291,0.231163855850118
"429","dat_input.csv","2022-05-18",21,28.1,0.111111111111111,0.0100839030235195,3.13065615339345e-05,0.229567164626508
"430","dat_input.csv","2022-05-18",22,28,0,0.0100599176082487,0,0.227981502042536
"431","dat_input.csv","2022-05-18",23,28.2,0,0.0101079456261519,0,0.231163855850118
"432","dat_input.csv","2022-05-18",24,28,0,0.0100599176082487,0,0.227981502042536
