"Date","Time","I","tempC","DO.meas","atmo.pressure","salinity"
"2022-05-01","00:00:00",0,24.4,7.2,1.00394866732478,10.3
"2022-05-01","01:00:00",0,24.4,7.4,1.00394866732478,10.1
"2022-05-01","02:00:00",0,23.9,5.9,1.00394866732478,10.6
"2022-05-01","03:00:00",0,24,5.7,1.00394866732478,11.5
"2022-05-01","04:00:00",0,24.4,7.2,1.00394866732478,11.8
"2022-05-01","05:00:00",0,24.3,7.4,1.00394866732478,10.8
"2022-05-01","06:00:00",7.55555555555556,24.1,7.3,1.00493583415597,10.6
"2022-05-01","07:00:00",270,24.1,6.8,1.00493583415597,10.9
"2022-05-01","08:00:00",673.888888888889,24.2,5.5,1.00493583415597,15.7
"2022-05-01","09:00:00",909.777777777778,24.3,5.7,1.00592300098717,16.2
"2022-05-01","10:00:00",1605.88888888889,24.2,4.6,1.00592300098717,17.7
"2022-05-01","11:00:00",1697.77777777778,24.2,4.2,1.00592300098717,17.7
"2022-05-01","12:00:00",1965.55555555556,23.9,6.5,1.00592300098717,14.1
"2022-05-01","13:00:00",1981.33333333333,23.9,6.8,1.00592300098717,13.5
"2022-05-01","14:00:00",1726.55555555556,24.1,5.8,1.00493583415597,14.5
"2022-05-01","15:00:00",1781.77777777778,24.1,6.5,1.00493583415597,13.5
"2022-05-01","16:00:00",1088.22222222222,24.6,7.5,1.00493583415597,12
"2022-05-01","17:00:00",953.111111111111,24.3,6.8,1.00493583415597,13.7
"2022-05-01","18:00:00",252.444444444444,24.2,6.5,1.00394866732478,13.8
"2022-05-01","19:00:00",49.5555555555556,24.4,6.1,1.00394866732478,15.4
"2022-05-01","20:00:00",0,24.4,4,1.00394866732478,19.6
"2022-05-01","21:00:00",0,24.5,4.8,1.00493583415597,20.3
"2022-05-01","22:00:00",0,24.6,5.4,1.00592300098717,19.5
"2022-05-01","23:00:00",0,24.8,6.9,1.00592300098717,15.7
"2022-05-02","00:00:00",0,24.8,8.3,1.00592300098717,11.2
"2022-05-02","01:00:00",0,25.9,7.6,1.00592300098717,11.3
"2022-05-02","02:00:00",0,26,8.2,1.00493583415597,11.3
"2022-05-02","03:00:00",0,25.4,7.6,1.00493583415597,11.4
"2022-05-02","04:00:00",0,25.2,7.6,1.00493583415597,11.3
"2022-05-02","05:00:00",0,25.6,7.6,1.00493583415597,11.7
"2022-05-02","06:00:00",6,25.4,7.8,1.00493583415597,12.3
"2022-05-02","07:00:00",271.777777777778,24.9,4.8,1.00592300098717,18.8
"2022-05-02","08:00:00",704.222222222222,25,5.8,1.00592300098717,21.7
"2022-05-02","09:00:00",1145,25.2,6.4,1.00592300098717,21.4
"2022-05-02","10:00:00",1514.11111111111,25.2,6.4,1.00592300098717,21.9
"2022-05-02","11:00:00",1788.33333333333,25.3,5.5,1.00691016781836,22.8
"2022-05-02","12:00:00",1951.22222222222,25.3,5.5,1.00691016781836,23
"2022-05-02","13:00:00",1969.22222222222,25.2,6.2,1.00592300098717,22
"2022-05-02","14:00:00",1893.55555555556,24.9,6.8,1.00592300098717,20.2
"2022-05-02","15:00:00",1679.66666666667,24.9,7.2,1.00493583415597,17.9
"2022-05-02","16:00:00",1137.11111111111,25,7.2,1.00493583415597,18.5
"2022-05-02","17:00:00",901.666666666667,25.1,7.9,1.00394866732478,16.7
"2022-05-02","18:00:00",446.555555555556,25.7,7.9,1.00394866732478,15.4
"2022-05-02","19:00:00",55.3333333333333,25.3,7.3,1.00493583415597,19.8
"2022-05-02","20:00:00",0,25.4,8,1.00493583415597,19.8
"2022-05-02","21:00:00",0,25.4,8.9,1.00493583415597,16.8
"2022-05-02","22:00:00",0,25.6,9.1,1.00493583415597,16.5
"2022-05-02","23:00:00",0,25.9,8.7,1.00493583415597,15.4
"2022-05-03","00:00:00",0,26.3,8,1.00493583415597,13.1
"2022-05-03","01:00:00",0,26.3,8.1,1.00394866732478,13.1
"2022-05-03","02:00:00",0,26.5,7.9,1.00394866732478,12
"2022-05-03","03:00:00",0,27.1,8.4,1.00394866732478,11.6
"2022-05-03","04:00:00",0,26.8,7.7,1.00394866732478,12.3
"2022-05-03","05:00:00",0,26.7,8.4,1.00394866732478,11.8
"2022-05-03","06:00:00",3,26.4,7.3,1.00394866732478,12.5
"2022-05-03","07:00:00",264.888888888889,26.1,7.8,1.00493583415597,14.8
"2022-05-03","08:00:00",696.111111111111,25.9,6.9,1.00493583415597,16.9
"2022-05-03","09:00:00",1124.11111111111,26,6.3,1.00493583415597,19.1
"2022-05-03","10:00:00",1495.11111111111,26,6.5,1.00592300098717,20.1
"2022-05-03","11:00:00",1771.33333333333,25.8,6.6,1.00592300098717,19.1
"2022-05-03","12:00:00",1974.33333333333,25.8,6.3,1.00592300098717,19.3
"2022-05-03","13:00:00",1879.22222222222,25.8,6.6,1.00592300098717,19.9
"2022-05-03","14:00:00",1897.55555555556,25.7,6.6,1.00592300098717,19.4
"2022-05-03","15:00:00",1697.11111111111,25.7,7,1.00394866732478,17
"2022-05-03","16:00:00",1391.44444444444,26,6.9,1.00394866732478,17.4
"2022-05-03","17:00:00",912.777777777778,26,7,1.00394866732478,18.7
"2022-05-03","18:00:00",522.111111111111,25.9,7,1.00394866732478,17.9
"2022-05-03","19:00:00",67.1111111111111,26,7,1.00296150049358,16.8
"2022-05-03","20:00:00",0,26.1,7.3,1.00394866732478,17.7
"2022-05-03","21:00:00",0,26.3,8.1,1.00394866732478,17.3
"2022-05-03","22:00:00",0,26.3,7.8,1.00493583415597,17.2
"2022-05-03","23:00:00",0,26.2,7.5,1.00493583415597,17.1
"2022-05-04","00:00:00",0,26.3,6.8,1.00493583415597,17.3
"2022-05-04","01:00:00",0,26.2,6.2,1.00493583415597,17.5
"2022-05-04","02:00:00",0,26.2,5.9,1.00394866732478,17.5
"2022-05-04","03:00:00",0,26.3,6.5,1.00394866732478,16.5
"2022-05-04","04:00:00",0,26.5,6.1,1.00394866732478,16.4
"2022-05-04","05:00:00",0,26.3,5.5,1.00394866732478,17.3
"2022-05-04","06:00:00",7.77777777777778,26.4,5.2,1.00394866732478,17.5
"2022-05-04","07:00:00",292.777777777778,26.5,6.6,1.00493583415597,16.5
"2022-05-04","08:00:00",698.777777777778,26.5,5.8,1.00493583415597,18.1
"2022-05-04","09:00:00",962.444444444444,26.6,5.5,1.00592300098717,20.6
"2022-05-04","10:00:00",1546.88888888889,26.6,6,1.00592300098717,21
"2022-05-04","11:00:00",1764.33333333333,26.6,5.4,1.00592300098717,22.3
"2022-05-04","12:00:00",1950.88888888889,26.5,5.2,1.00592300098717,23.2
"2022-05-04","13:00:00",1983.11111111111,26.5,4.2,1.00493583415597,23.5
"2022-05-04","14:00:00",1898,26.5,5.2,1.00493583415597,23.2
"2022-05-04","15:00:00",1687.77777777778,26.5,6.3,1.00394866732478,22.1
"2022-05-04","16:00:00",1393.88888888889,26.6,6.8,1.00394866732478,20.9
"2022-05-04","17:00:00",1004.55555555556,26.7,6.8,1.00296150049358,20.8
"2022-05-04","18:00:00",552.333333333333,26.8,7.4,1.00296150049358,20.6
"2022-05-04","19:00:00",106.111111111111,26.9,7.6,1.00296150049358,21.3
"2022-05-04","20:00:00",0,26.9,7.4,1.00394866732478,22.2
"2022-05-04","21:00:00",0,27,7.6,1.00394866732478,20.8
"2022-05-04","22:00:00",0,27,7.2,1.00493583415597,22.1
"2022-05-04","23:00:00",0,27.1,7.3,1.00493583415597,22.5
"2022-05-05","00:00:00",0,27.5,7.9,1.00394866732478,20
"2022-05-05","01:00:00",0,28.2,7.1,1.00394866732478,16.1
"2022-05-05","02:00:00",0,27.6,6.4,1.00296150049358,18.3
"2022-05-05","03:00:00",0,27.6,6,1.00296150049358,18.3
"2022-05-05","04:00:00",0,27.6,5.8,1.00296150049358,17.4
"2022-05-05","05:00:00",0,27.6,4.5,1.00296150049358,16.9
"2022-05-05","06:00:00",11,27.7,4.7,1.00394866732478,16.5
"2022-05-05","07:00:00",293.888888888889,27.4,6.4,1.00394866732478,18.4
"2022-05-05","08:00:00",715.555555555556,27.3,6.1,1.00394866732478,18.7
"2022-05-05","09:00:00",1091.33333333333,27,5,1.00493583415597,22.2
"2022-05-05","10:00:00",1502.33333333333,27,5.4,1.00493583415597,22.5
"2022-05-05","11:00:00",1781.22222222222,26.9,5.1,1.00493583415597,24
"2022-05-05","12:00:00",1933.77777777778,26.8,4.6,1.00493583415597,24.8
"2022-05-05","13:00:00",1966.55555555556,26.8,4.5,1.00394866732478,25.1
"2022-05-05","14:00:00",1901.22222222222,26.8,3.9,1.00394866732478,25.2
"2022-05-05","15:00:00",1701.55555555556,26.9,5.4,1.00296150049358,24.6
"2022-05-05","16:00:00",1388.77777777778,27.1,5.7,1.00197433366239,24.2
"2022-05-05","17:00:00",999.333333333333,27.2,5.8,1.00197433366239,23.6
"2022-05-05","18:00:00",536,27.3,6.4,1.00197433366239,23.2
"2022-05-05","19:00:00",105.111111111111,27.4,6.4,1.00197433366239,23
"2022-05-05","20:00:00",0,27.5,6.2,1.00197433366239,23
"2022-05-05","21:00:00",0,27.5,6.6,1.00197433366239,22.9
"2022-05-05","22:00:00",0,27.6,6.9,1.00197433366239,23.2
"2022-05-05","23:00:00",0,27.7,7.1,1.00296150049358,22.5
"2022-05-06","00:00:00",0,27.7,6.2,1.00197433366239,22.6
"2022-05-06","01:00:00",0,27.8,5.8,1.00197433366239,22
"2022-05-06","02:00:00",0,28.2,6.3,1.00098716683119,20.2
"2022-05-06","03:00:00",0,27.9,5.6,1.00098716683119,21
"2022-05-06","04:00:00",0,27.8,5.6,1,20.9
"2022-05-06","05:00:00",0,27.6,5,1,21.7
"2022-05-06","06:00:00",3.88888888888889,27.5,4.1,1.00098716683119,22
"2022-05-06","07:00:00",76,27.8,5.3,1.00197433366239,19.8
"2022-05-06","08:00:00",224.888888888889,27.6,5.7,1.00098716683119,19
"2022-05-06","09:00:00",998.888888888889,27.6,4.9,0.999012833168806,19.5
"2022-05-06","10:00:00",1504.33333333333,27.4,5.3,1,20.2
"2022-05-06","11:00:00",1705.66666666667,27.1,6,1,24.4
"2022-05-06","12:00:00",462.333333333333,27,6.3,1,24.8
"2022-05-06","13:00:00",236.444444444444,26.9,6.3,0.999012833168806,25.3
"2022-05-06","14:00:00",774.555555555556,26.8,6.6,0.998025666337611,25.6
"2022-05-06","15:00:00",215.777777777778,26.9,6.5,0.998025666337611,26.2
"2022-05-06","16:00:00",163,27,6.9,0.996051332675222,26.4
"2022-05-06","17:00:00",18.5555555555556,27.1,6.7,0.996051332675222,26.6
"2022-05-06","18:00:00",20.7777777777778,27.2,6.7,0.996051332675222,27.6
"2022-05-06","19:00:00",109.111111111111,27.4,7,0.996051332675222,26.7
"2022-05-06","20:00:00",0,27.3,6.9,0.996051332675222,27.4
"2022-05-06","21:00:00",0,27.1,6.5,0.996051332675222,28.3
"2022-05-06","22:00:00",0,27,6.3,0.996051332675222,29.6
"2022-05-06","23:00:00",0,27,6.1,0.997038499506417,29.6
"2022-05-07","00:00:00",0,26.9,6,0.996051332675222,29.6
"2022-05-07","01:00:00",0,26.9,5.5,0.996051332675222,29.5
"2022-05-07","02:00:00",0,26.9,6.2,0.995064165844028,29.5
"2022-05-07","03:00:00",0,26.9,5.7,0.995064165844028,29.7
"2022-05-07","04:00:00",0,26.8,5.7,0.995064165844028,29.8
"2022-05-07","05:00:00",0,26.8,5.5,0.996051332675222,29.8
"2022-05-07","06:00:00",12.5555555555556,26.8,5.4,0.996051332675222,29.7
"2022-05-07","07:00:00",296.666666666667,26.8,5.1,0.997038499506417,29.8
"2022-05-07","08:00:00",724.333333333333,26.7,5.1,0.997038499506417,29.4
"2022-05-07","09:00:00",1150.44444444444,26.5,5.4,0.998025666337611,28.6
"2022-05-07","10:00:00",1510.33333333333,26.4,5.5,0.997038499506417,28.9
"2022-05-07","11:00:00",1784.55555555556,26.3,5.6,0.997038499506417,28.9
"2022-05-07","12:00:00",1949.22222222222,26.3,5.4,0.997038499506417,29.1
"2022-05-07","13:00:00",1981,26.3,5.1,0.996051332675222,29.6
"2022-05-07","14:00:00",1894.22222222222,26.3,5,0.996051332675222,29.6
"2022-05-07","15:00:00",1694.11111111111,26.3,5.7,0.995064165844028,29.6
"2022-05-07","16:00:00",1385.11111111111,26.3,6.3,0.994076999012833,29.6
"2022-05-07","17:00:00",985.777777777778,26.4,6.4,0.994076999012833,29.6
"2022-05-07","18:00:00",532,26.4,6.4,0.994076999012833,29.6
"2022-05-07","19:00:00",111.777777777778,26.5,6.5,0.994076999012833,29.6
"2022-05-07","20:00:00",0,26.5,6.4,0.995064165844028,29.5
"2022-05-07","21:00:00",0,26.6,6.8,0.996051332675222,28.9
"2022-05-07","22:00:00",0,26.9,7.2,0.996051332675222,28.4
"2022-05-07","23:00:00",0,26.8,7,0.997038499506417,30.3
"2022-05-08","00:00:00",0,26.6,6.9,0.996051332675222,30.6
"2022-05-08","01:00:00",0,26.5,6.6,0.996051332675222,30.7
"2022-05-08","02:00:00",0,26.4,6.2,0.996051332675222,30.7
"2022-05-08","03:00:00",0,26.4,6,0.996051332675222,30.6
"2022-05-08","04:00:00",0,26.4,5.7,0.996051332675222,30.5
"2022-05-08","05:00:00",0,26.4,5,0.996051332675222,30.5
"2022-05-08","06:00:00",13.6666666666667,26.3,4.5,0.997038499506417,30.7
"2022-05-08","07:00:00",296.666666666667,26.3,3,0.998025666337611,30.7
"2022-05-08","08:00:00",728.666666666667,26.2,4.8,0.998025666337611,29.6
"2022-05-08","09:00:00",1157.88888888889,26.2,4.4,0.998025666337611,30.4
"2022-05-08","10:00:00",1523.22222222222,26,4.5,0.999012833168806,30.1
"2022-05-08","11:00:00",1796.11111111111,25.5,5.2,0.999012833168806,30.5
"2022-05-08","12:00:00",1962.33333333333,25.3,5.4,0.998025666337611,30.5
"2022-05-08","13:00:00",2003.22222222222,25.1,5.6,0.998025666337611,30.4
"2022-05-08","14:00:00",1909,25.1,5.9,0.998025666337611,30.4
"2022-05-08","15:00:00",1701.66666666667,25.3,5.6,0.997038499506417,30.5
"2022-05-08","16:00:00",1392.22222222222,25.4,6,0.996051332675222,30.2
"2022-05-08","17:00:00",998.333333333333,25.4,6.6,0.996051332675222,30.4
"2022-05-08","18:00:00",544.333333333333,25.6,7,0.997038499506417,30.2
"2022-05-08","19:00:00",117.888888888889,25.9,8,0.997038499506417,29.4
"2022-05-08","20:00:00",0,26.1,8.1,0.998025666337611,29.2
"2022-05-08","21:00:00",0,26.3,8.1,0.999012833168806,28.6
"2022-05-08","22:00:00",0,26.4,8.3,1,28
"2022-05-08","23:00:00",0,26.4,8.4,1,26.6
"2022-05-09","00:00:00",0,26.4,8.2,1,26
"2022-05-09","01:00:00",0,26.4,7.4,1,26.5
"2022-05-09","02:00:00",0,26.4,6,1,26.7
"2022-05-09","03:00:00",0,26.4,6,1,26.9
"2022-05-09","04:00:00",0,26.4,5.3,1,27.2
"2022-05-09","05:00:00",0,26.5,6.5,1.00098716683119,25.6
"2022-05-09","06:00:00",13.4444444444444,26.4,6.1,1.00197433366239,26.1
"2022-05-09","07:00:00",240,26.5,7.1,1.00296150049358,25.8
"2022-05-09","08:00:00",685.333333333333,26.1,7.5,1.00296150049358,20.9
"2022-05-09","09:00:00",1174.77777777778,25.8,7.2,1.00394866732478,19.6
"2022-05-09","10:00:00",1050.66666666667,25.7,6.8,1.00493583415597,21.4
"2022-05-09","11:00:00",1818.33333333333,25.6,6.8,1.00493583415597,21.6
"2022-05-09","12:00:00",1956,25.5,6.6,1.00493583415597,20.8
"2022-05-09","13:00:00",2012,25.4,6.4,1.00493583415597,20.8
"2022-05-09","14:00:00",1998.44444444444,25.4,6.3,1.00493583415597,20.7
"2022-05-09","15:00:00",1723.66666666667,25.5,6.4,1.00394866732478,20
"2022-05-09","16:00:00",1370.22222222222,25.5,6.3,1.00394866732478,18
"2022-05-09","17:00:00",965.666666666667,25.6,6.7,1.00394866732478,18
"2022-05-09","18:00:00",509,25.8,6.8,1.00394866732478,17.7
"2022-05-09","19:00:00",101.666666666667,26.1,7.2,1.00394866732478,17.2
"2022-05-09","20:00:00",0,26.2,7.3,1.00394866732478,16.8
"2022-05-09","21:00:00",0,26.4,7.3,1.00493583415597,16.7
"2022-05-09","22:00:00",0,26.2,6,1.00493583415597,17.5
"2022-05-09","23:00:00",0,26.1,4.9,1.00592300098717,18.8
"2022-05-10","00:00:00",0,26.1,5.1,1.00592300098717,20.1
"2022-05-10","01:00:00",0,26.2,5.1,1.00592300098717,20.3
"2022-05-10","02:00:00",0,26.2,4.9,1.00592300098717,20.2
"2022-05-10","03:00:00",0,26.1,5.5,1.00592300098717,18.8
"2022-05-10","04:00:00",0,26.1,7.1,1.00592300098717,16
"2022-05-10","05:00:00",0,25.7,7.7,1.00592300098717,13.8
"2022-05-10","06:00:00",15.7777777777778,25.4,7.4,1.00691016781836,12.9
"2022-05-10","07:00:00",303.555555555556,25.3,7,1.00789733464956,12.9
"2022-05-10","08:00:00",737.111111111111,25.1,6.8,1.00789733464956,12.9
"2022-05-10","09:00:00",1149.11111111111,25.1,6.7,1.00888450148075,13.9
"2022-05-10","10:00:00",1510.55555555556,25,6.5,1.00888450148075,13.7
"2022-05-10","11:00:00",1779.22222222222,24.8,6.4,1.00888450148075,13.2
"2022-05-10","12:00:00",1942.22222222222,24.8,6.2,1.00888450148075,13.5
"2022-05-10","13:00:00",1975.55555555556,24.7,6.5,1.00789733464956,13.4
"2022-05-10","14:00:00",1893.55555555556,24.8,6.8,1.00789733464956,14
"2022-05-10","15:00:00",1693.88888888889,24.9,7.1,1.00691016781836,15
"2022-05-10","16:00:00",1367.88888888889,25,7.4,1.00592300098717,13.2
"2022-05-10","17:00:00",982.777777777778,25.2,8,1.00592300098717,12.3
"2022-05-10","18:00:00",540.666666666667,25.3,8.3,1.00592300098717,12.1
"2022-05-10","19:00:00",113,25.5,8,1.00592300098717,11.5
"2022-05-10","20:00:00",0,25.6,7.5,1.00592300098717,11.4
"2022-05-10","21:00:00",0,25.4,6.7,1.00691016781836,12.8
"2022-05-10","22:00:00",0,25.3,5,1.00691016781836,14.5
"2022-05-10","23:00:00",0,25.4,3.6,1.00691016781836,14.1
"2022-05-11","00:00:00",0,25.6,2.8,1.00691016781836,13.9
"2022-05-11","01:00:00",0,25.5,3,1.00592300098717,14.3
"2022-05-11","02:00:00",0,25.5,1.7,1.00592300098717,14.4
"2022-05-11","03:00:00",0,25.6,6.3,1.00592300098717,15.9
"2022-05-11","04:00:00",0,25.8,6,1.00493583415597,17.9
"2022-05-11","05:00:00",0,25.9,5.4,1.00592300098717,18.6
"2022-05-11","06:00:00",16.2222222222222,26,6.3,1.00691016781836,18.9
"2022-05-11","07:00:00",311.333333333333,26,5.2,1.00789733464956,18.7
"2022-05-11","08:00:00",742,25.7,5.9,1.00789733464956,16.8
"2022-05-11","09:00:00",1161.33333333333,25.3,5.3,1.00789733464956,14.5
"2022-05-11","10:00:00",1524.11111111111,25,5.9,1.00789733464956,13.5
"2022-05-11","11:00:00",1787.88888888889,24.8,6.3,1.00789733464956,13.2
"2022-05-11","12:00:00",1948.55555555556,24.5,6.2,1.00789733464956,12.2
"2022-05-11","13:00:00",1984.77777777778,24.4,6.1,1.00592300098717,12.1
"2022-05-11","14:00:00",1892.55555555556,24.7,5.9,1.00592300098717,15.6
"2022-05-11","15:00:00",1688,25.1,6.3,1.00493583415597,16.7
"2022-05-11","16:00:00",1376,25.4,6.8,1.00394866732478,17
"2022-05-11","17:00:00",985.444444444444,25.4,6.1,1.00296150049358,17.1
"2022-05-11","18:00:00",521.666666666667,25.4,8.2,1.00296150049358,16.5
"2022-05-11","19:00:00",123.777777777778,25.6,8.3,1.00296150049358,16.1
"2022-05-11","20:00:00",0,25.8,7.8,1.00394866732478,15.9
"2022-05-11","21:00:00",0,25.9,8.8,1.00394866732478,15.5
"2022-05-11","22:00:00",0,26,9.6,1.00493583415597,14.5
"2022-05-11","23:00:00",0,26.4,9.5,1.00493583415597,14.2
"2022-05-12","00:00:00",0,25.9,8.8,1.00394866732478,14.1
"2022-05-12","01:00:00",0,26.2,8.4,1.00394866732478,14
"2022-05-12","02:00:00",0,26.3,7,1.00296150049358,13.7
"2022-05-12","03:00:00",0,26.3,5.9,1.00296150049358,13.7
"2022-05-12","04:00:00",0,26.3,7.6,1.00296150049358,13.8
"2022-05-12","05:00:00",0,26.3,7,1.00296150049358,14.2
"2022-05-12","06:00:00",18.8888888888889,26.2,6.3,1.00394866732478,14.2
"2022-05-12","07:00:00",320.222222222222,25.9,7.3,1.00394866732478,14.2
"2022-05-12","08:00:00",746.222222222222,25.8,6.9,1.00394866732478,14.4
"2022-05-12","09:00:00",1160.88888888889,25.6,7.3,1.00394866732478,14.4
"2022-05-12","10:00:00",1527.88888888889,25.4,6.8,1.00394866732478,13.8
"2022-05-12","11:00:00",1802.77777777778,25.2,7.5,1.00394866732478,13.9
"2022-05-12","12:00:00",1961.55555555556,25.2,7.3,1.00296150049358,14
"2022-05-12","13:00:00",1994.55555555556,25.1,7,1.00197433366239,14.1
"2022-05-12","14:00:00",1894.22222222222,25.5,6.1,1.00197433366239,18.7
"2022-05-12","15:00:00",1719.88888888889,25.4,6.7,1.00098716683119,17.4
"2022-05-12","16:00:00",1296,25.7,7.1,1.00098716683119,18.8
"2022-05-12","17:00:00",983.666666666667,25.7,7.6,1.00098716683119,19.4
"2022-05-12","18:00:00",562.222222222222,25.8,8.2,1.00098716683119,19.3
"2022-05-12","19:00:00",121,26,9,1.00098716683119,16.9
"2022-05-12","20:00:00",0,26,9,1.00098716683119,16.5
"2022-05-12","21:00:00",0,26.2,9.3,1.00098716683119,15
"2022-05-12","22:00:00",0,26.4,8.8,1.00197433366239,14.5
"2022-05-12","23:00:00",0,26.4,8.8,1.00197433366239,14.6
"2022-05-13","00:00:00",0,26.3,8.7,1.00098716683119,15.4
"2022-05-13","01:00:00",0,26.4,7.8,1.00098716683119,15.4
"2022-05-13","02:00:00",0,26.6,7.8,1,15.3
"2022-05-13","03:00:00",0,26.2,7.8,1,15.6
"2022-05-13","04:00:00",0,26.1,6.7,1,16.2
"2022-05-13","05:00:00",0,25.8,7.4,1,16.3
"2022-05-13","06:00:00",17.6666666666667,25.7,7.4,1.00098716683119,16.6
"2022-05-13","07:00:00",268.666666666667,25.7,6.5,1.00098716683119,16.6
"2022-05-13","08:00:00",534,25.7,7.4,1.00197433366239,16.2
"2022-05-13","09:00:00",808.444444444444,25.7,7.4,1.00197433366239,15.4
"2022-05-13","10:00:00",1440.11111111111,25.7,6,1.00197433366239,15.8
"2022-05-13","11:00:00",619.888888888889,25.7,6.1,1.00197433366239,16.1
"2022-05-13","12:00:00",103.444444444444,25.7,5.5,1.00296150049358,17.5
"2022-05-13","13:00:00",403.333333333333,25.7,5.4,1.00296150049358,17.5
"2022-05-13","14:00:00",1204.33333333333,25.4,6.6,1.00197433366239,16
"2022-05-13","15:00:00",1806.55555555556,25.8,6.6,1.00098716683119,17.8
"2022-05-13","16:00:00",1391.22222222222,25.8,7.2,1.00098716683119,20.3
"2022-05-13","17:00:00",1048.44444444444,25.8,6.7,1,20.4
"2022-05-13","18:00:00",362.222222222222,25.8,6,1,21
"2022-05-13","19:00:00",125.666666666667,25.9,7.4,1.00098716683119,18.7
"2022-05-13","20:00:00",0,26.1,8.3,1.00098716683119,16
"2022-05-13","21:00:00",0,26.1,8.3,1.00197433366239,14.6
"2022-05-13","22:00:00",0,26.2,7.4,1.00296150049358,15.5
"2022-05-13","23:00:00",0,26.2,7.1,1.00296150049358,17.3
"2022-05-14","00:00:00",0,26.1,6.9,1.00197433366239,17.3
"2022-05-14","01:00:00",0,26.1,6.7,1.00098716683119,17.7
"2022-05-14","02:00:00",0,26,7.2,1,16.7
"2022-05-14","03:00:00",0,26,7.1,0.999012833168806,16.5
"2022-05-14","04:00:00",0,25.9,6.4,1,16.2
"2022-05-14","05:00:00",0,26,6.1,1.00098716683119,16.7
"2022-05-14","06:00:00",23.4444444444444,25.8,6.7,1.00098716683119,17.5
"2022-05-14","07:00:00",334.444444444444,25.7,6.7,1.00197433366239,17.7
"2022-05-14","08:00:00",703.666666666667,25.7,7.3,1.00296150049358,17.7
"2022-05-14","09:00:00",1155.44444444444,25.8,7.3,1.00296150049358,16.9
"2022-05-14","10:00:00",1583.33333333333,25.8,5.8,1.00296150049358,16.8
"2022-05-14","11:00:00",1782.33333333333,25.7,6,1.00296150049358,19
"2022-05-14","12:00:00",486.888888888889,25.7,6.7,1.00296150049358,17.2
"2022-05-14","13:00:00",2250.77777777778,25.7,5.8,1.00197433366239,17.4
"2022-05-14","14:00:00",2132.88888888889,25.5,6.3,1.00197433366239,17.1
"2022-05-14","15:00:00",1457.11111111111,25.5,6.7,1.00098716683119,16.7
"2022-05-14","16:00:00",1149,26,7.1,1.00098716683119,19.1
"2022-05-14","17:00:00",1014.33333333333,25.9,6.7,1,20.7
"2022-05-14","18:00:00",286,25.9,7.1,1,22.2
"2022-05-14","19:00:00",118,25.9,7.6,1,22.3
"2022-05-14","20:00:00",0,26.1,8.4,1,22.2
"2022-05-14","21:00:00",0,26.2,8.8,1.00098716683119,21.2
"2022-05-14","22:00:00",0,26.2,8.5,1.00197433366239,20.7
"2022-05-14","23:00:00",0,26.6,8.4,1.00197433366239,19.3
"2022-05-15","00:00:00",0,26.3,7.5,1.00197433366239,20.3
"2022-05-15","01:00:00",0,26.3,6.2,1.00197433366239,20.1
"2022-05-15","02:00:00",0,26.6,6.2,1.00098716683119,18.8
"2022-05-15","03:00:00",0,26.5,7,1.00098716683119,17.4
"2022-05-15","04:00:00",0,26.6,5.8,1.00098716683119,19.3
"2022-05-15","05:00:00",0,26.5,6.3,1.00098716683119,19.6
"2022-05-15","06:00:00",22,26.5,6.8,1.00098716683119,20.1
"2022-05-15","07:00:00",363.888888888889,26.2,6.4,1.00197433366239,21.8
"2022-05-15","08:00:00",728.333333333333,26.1,6.2,1.00197433366239,22.3
"2022-05-15","09:00:00",1178.77777777778,26,5,1.00197433366239,22.3
"2022-05-15","10:00:00",1294.33333333333,26,4.2,1.00197433366239,22.5
"2022-05-15","11:00:00",1823.77777777778,26,2.8,1.00197433366239,22.5
"2022-05-15","12:00:00",1984.88888888889,25.9,5.8,1.00098716683119,23.7
"2022-05-15","13:00:00",2055,26,5.8,1.00098716683119,23.2
"2022-05-15","14:00:00",1898.77777777778,26.2,6.8,1.00098716683119,20.3
"2022-05-15","15:00:00",806.444444444444,26.2,6,1,21.5
"2022-05-15","16:00:00",1489.44444444444,26.1,5.9,1,21.2
"2022-05-15","17:00:00",391.333333333333,26.2,6,0.999012833168806,22.9
"2022-05-15","18:00:00",479.888888888889,26.3,7,0.999012833168806,25
"2022-05-15","19:00:00",65.1111111111111,26.3,8,0.999012833168806,25.2
"2022-05-15","20:00:00",0,26.4,7.8,1,23.6
"2022-05-15","21:00:00",0,26.4,7.2,1,23.8
"2022-05-15","22:00:00",0,27.1,8.7,1,20.3
"2022-05-15","23:00:00",0,27,7.2,1.00098716683119,21.2
"2022-05-16","00:00:00",0,27.3,7.7,1.00098716683119,19.4
"2022-05-16","01:00:00",0,27.3,6.6,1,19.4
"2022-05-16","02:00:00",0,27.1,5.4,0.999012833168806,20.3
"2022-05-16","03:00:00",0,27.2,5,0.999012833168806,19.9
"2022-05-16","04:00:00",0,27.4,6.8,0.998025666337611,18.3
"2022-05-16","05:00:00",0,27.3,6.9,0.998025666337611,19.3
"2022-05-16","06:00:00",15.4444444444444,27,6.6,0.999012833168806,19.6
"2022-05-16","07:00:00",313.777777777778,27,6.8,1,21
"2022-05-16","08:00:00",287.333333333333,26.8,6.5,1,21.7
"2022-05-16","09:00:00",191,26.8,6.3,1.00098716683119,23.1
"2022-05-16","10:00:00",1624.33333333333,26.6,5.6,1.00098716683119,23.6
"2022-05-16","11:00:00",1935.88888888889,26.6,5.4,1.00098716683119,23.9
"2022-05-16","12:00:00",2084,26.6,5.7,1.00098716683119,24.2
"2022-05-16","13:00:00",655.666666666667,26.6,6.1,1,22.9
"2022-05-16","14:00:00",1838.77777777778,26.6,5.4,1,24.6
"2022-05-16","15:00:00",1702.88888888889,26.5,4.7,0.999012833168806,24
"2022-05-16","16:00:00",1445.11111111111,26.5,5.6,0.999012833168806,23.6
"2022-05-16","17:00:00",1174.66666666667,26.6,6.1,0.999012833168806,24
"2022-05-16","18:00:00",569.333333333333,26.7,6.8,0.999012833168806,26.7
"2022-05-16","19:00:00",131.222222222222,26.7,7.3,0.999012833168806,26.3
"2022-05-16","20:00:00",0.111111111111111,26.7,8.1,1,25.1
"2022-05-16","21:00:00",0,26.8,7.7,1,24.8
"2022-05-16","22:00:00",0,26.9,8.6,1.00098716683119,24.4
"2022-05-16","23:00:00",0,27.1,8.6,1.00098716683119,23.3
"2022-05-17","00:00:00",0,27,7.9,1.00098716683119,23.7
"2022-05-17","01:00:00",0,27,7,1.00098716683119,23.9
"2022-05-17","02:00:00",0,27.1,7.1,1,23.2
"2022-05-17","03:00:00",0,27,5.9,1,23.7
"2022-05-17","04:00:00",0,27.2,6.1,1,22.4
"2022-05-17","05:00:00",0,27.3,5.9,1.00098716683119,22.4
"2022-05-17","06:00:00",21.7777777777778,27.4,6.4,1.00098716683119,23.3
"2022-05-17","07:00:00",289.333333333333,27,6.6,1.00197433366239,25.2
"2022-05-17","08:00:00",608.888888888889,27.1,6.2,1.00296150049358,27.1
"2022-05-17","09:00:00",1144.22222222222,26.9,5.7,1.00296150049358,28.3
"2022-05-17","10:00:00",1461.22222222222,26.9,5.9,1.00296150049358,29
"2022-05-17","11:00:00",1793.11111111111,26.9,4.7,1.00296150049358,29.1
"2022-05-17","12:00:00",1996.77777777778,26.8,4.1,1.00296150049358,29.1
"2022-05-17","13:00:00",1518.22222222222,26.8,4.3,1.00197433366239,29.4
"2022-05-17","14:00:00",326,26.9,4.2,1.00197433366239,29.4
"2022-05-17","15:00:00",435.111111111111,26.9,5.8,1.00197433366239,28.4
"2022-05-17","16:00:00",663.444444444444,27.1,5.2,1.00197433366239,27.8
"2022-05-17","17:00:00",383.555555555556,27.1,5,1.00098716683119,28.5
"2022-05-17","18:00:00",448.888888888889,27.2,5.7,1.00197433366239,30.4
"2022-05-17","19:00:00",74.2222222222222,27.3,6,1.00197433366239,30.8
"2022-05-17","20:00:00",0.111111111111111,27.3,7,1.00197433366239,30.8
"2022-05-17","21:00:00",0,27.2,7.1,1.00296150049358,30.2
"2022-05-17","22:00:00",0,27.2,7.2,1.00296150049358,29.2
"2022-05-17","23:00:00",0,27.3,7.4,1.00394866732478,26.6
"2022-05-18","00:00:00",0,27.5,7.2,1.00296150049358,24.8
"2022-05-18","01:00:00",0,27.5,6.5,1.00296150049358,25.5
"2022-05-18","02:00:00",0,27.4,6.1,1.00197433366239,25.6
"2022-05-18","03:00:00",0,27.4,5.7,1.00197433366239,25.7
"2022-05-18","04:00:00",0,27.5,4.4,1.00197433366239,24.7
"2022-05-18","05:00:00",0,27.5,5,1.00296150049358,24.4
"2022-05-18","06:00:00",13.7777777777778,27.5,4.8,1.00296150049358,24.7
"2022-05-18","07:00:00",177,27.5,5.4,1.00394866732478,24.4
"2022-05-18","08:00:00",710.222222222222,27.2,5.7,1.00493583415597,25.2
"2022-05-18","09:00:00",1169.22222222222,27.2,5.5,1.00394866732478,27.6
"2022-05-18","10:00:00",1506.77777777778,27.2,5.3,1.00493583415597,27.6
"2022-05-18","11:00:00",1789.33333333333,27.1,4.9,1.00394866732478,28.4
"2022-05-18","12:00:00",1896.33333333333,27,5.4,1.00394866732478,28.8
"2022-05-18","13:00:00",1823.44444444444,27,3.8,1.00394866732478,28.8
"2022-05-18","14:00:00",1795.77777777778,27,4.7,1.00296150049358,29.4
"2022-05-18","15:00:00",1649.44444444444,27.1,5.7,1.00296150049358,28.4
"2022-05-18","16:00:00",1365.22222222222,27.3,5.3,1.00197433366239,27.1
"2022-05-18","17:00:00",955.555555555556,27.3,6.4,1.00197433366239,28.4
"2022-05-18","18:00:00",493.888888888889,27.4,5.9,1.00197433366239,28.6
"2022-05-18","19:00:00",110.111111111111,27.3,7.3,1.00197433366239,29.8
"2022-05-18","20:00:00",0.111111111111111,27.2,7.3,1.00197433366239,31.1
"2022-05-18","21:00:00",0,27.3,7.7,1.00197433366239,30
"2022-05-18","22:00:00",0,27.5,7.8,1.00296150049358,29.1
"2022-05-18","23:00:00",0,27.5,7.4,1.00296150049358,29.1
"2022-05-19","00:00:00",0,27.7,7.6,1.00197433366239,28.1
"2022-05-19","01:00:00",0,27.9,7.8,1.00197433366239,26.9
"2022-05-19","02:00:00",0,28.2,7.1,1.00098716683119,25.3
"2022-05-19","03:00:00",0,28.4,6.5,1.00098716683119,24.3
"2022-05-19","04:00:00",0,28.3,6.1,1.00098716683119,24.1
"2022-05-19","05:00:00",0,27.8,5.1,1.00197433366239,27.5
"2022-05-19","06:00:00",24.1111111111111,27.8,4.3,1.00197433366239,27.5
"2022-05-19","07:00:00",316.222222222222,27.9,5.3,1.00296150049358,24.9
"2022-05-19","08:00:00",740.888888888889,27.9,4.6,1.00296150049358,25.4
"2022-05-19","09:00:00",1169.88888888889,27.7,5.5,1.00296150049358,26.1
"2022-05-19","10:00:00",1529.11111111111,27.6,5.7,1.00296150049358,28.8
"2022-05-19","11:00:00",1802.55555555556,27.3,5.5,1.00296150049358,29
"2022-05-19","12:00:00",1962.44444444444,27.3,7.5,1.00197433366239,30
"2022-05-19","13:00:00",1917.33333333333,27.4,6.9,1.00197433366239,30.1
"2022-05-19","14:00:00",1929.88888888889,27.5,6.8,1.00197433366239,30.1
"2022-05-19","15:00:00",1795.22222222222,27.6,7.6,1.00098716683119,31.9
"2022-05-19","16:00:00",1355,27.9,7.4,1,32.7
"2022-05-19","17:00:00",1010.88888888889,28,7.2,1,32.7
"2022-05-19","18:00:00",251.666666666667,27.8,7.2,1,32
"2022-05-19","19:00:00",69.4444444444444,27.8,7.7,1,30.3
"2022-05-19","20:00:00",0.111111111111111,28.3,8,1,27.7
"2022-05-19","21:00:00",0,28.8,6.8,1,25.3
"2022-05-19","22:00:00",0,28.7,7.4,1.00098716683119,24
"2022-05-19","23:00:00",0,28.4,7.3,1.00098716683119,24.2
"2022-05-20","00:00:00",0,28,6.9,1.00098716683119,26.7
"2022-05-20","01:00:00",0,27.8,6.9,1.00098716683119,25.9
"2022-05-20","02:00:00",0,27.8,6.6,1,28.1
"2022-05-20","03:00:00",0,27.6,6.7,1,27.9
"2022-05-20","04:00:00",0,27.6,6.4,1,27.2
"2022-05-20","05:00:00",0,27.5,6.3,1.00098716683119,28.4
"2022-05-20","06:00:00",20.2222222222222,27.3,6.4,1.00098716683119,29.2
"2022-05-20","07:00:00",261,27.2,5.5,1.00098716683119,30.9
"2022-05-20","08:00:00",598.333333333333,27.2,6.4,1.00197433366239,31.7
"2022-05-20","09:00:00",948.555555555556,27.3,6.2,1.00197433366239,31.8
"2022-05-20","10:00:00",1474.55555555556,27.4,6.5,1.00296150049358,32
"2022-05-20","11:00:00",1703,27.6,6.9,1.00296150049358,31.8
"2022-05-20","12:00:00",1842.11111111111,27.9,7.1,1.00394866732478,31.7
"2022-05-20","13:00:00",786,28,7.3,1.00296150049358,31.3
"2022-05-20","14:00:00",560,27.9,7.4,1.00296150049358,30.7
"2022-05-20","15:00:00",625.333333333333,28,7.3,1.00296150049358,30.3
"2022-05-20","16:00:00",1142.88888888889,28,7.2,1.00296150049358,30.2
"2022-05-20","17:00:00",537.888888888889,28,7.2,1.00197433366239,30.1
"2022-05-20","18:00:00",432,28.1,7.7,1.00197433366239,29.3
"2022-05-20","19:00:00",149.111111111111,28.2,7.5,1.00296150049358,28.5
"2022-05-20","20:00:00",0.222222222222222,28.2,6.8,1.00296150049358,27.1
"2022-05-20","21:00:00",0,28.2,6.6,1.00394866732478,26.6
"2022-05-20","22:00:00",0,28,6.5,1.00394866732478,25.6
"2022-05-20","23:00:00",0,28,6.5,1.00493583415597,25.6
"2022-05-21","00:00:00",0,28,5.4,1.00493583415597,26.9
"2022-05-21","01:00:00",0,27.8,6.5,1.00493583415597,26.9
"2022-05-21","02:00:00",0,27.6,6.4,1.00493583415597,27
"2022-05-21","03:00:00",0,27.5,6.6,1.00493583415597,26.9
"2022-05-21","04:00:00",0,27.4,6.3,1.00493583415597,27.2
"2022-05-21","05:00:00",0,27.5,6.2,1.00493583415597,26.7
"2022-05-21","06:00:00",26.8888888888889,27.4,5.9,1.00493583415597,25.9
"2022-05-21","07:00:00",93.2222222222222,27.3,5.9,1.00493583415597,25.9
"2022-05-21","08:00:00",59.7777777777778,27.3,5.7,1.00691016781836,26.1
"2022-05-21","09:00:00",114,27.3,5.3,1.00789733464956,26
"2022-05-21","10:00:00",122.888888888889,27.2,5.5,1.00789733464956,25.7
"2022-05-21","11:00:00",248.555555555556,27.1,5.6,1.00789733464956,25.7
"2022-05-21","12:00:00",902.333333333333,27.1,5.5,1.00789733464956,26
"2022-05-21","13:00:00",963.666666666667,27.2,4.8,1.00789733464956,26.3
"2022-05-21","14:00:00",765.444444444444,27.1,5.8,1.00691016781836,27
"2022-05-21","15:00:00",751,27.1,6.1,1.00691016781836,27
"2022-05-21","16:00:00",794.555555555556,27.1,5.9,1.00691016781836,27
"2022-05-21","17:00:00",749.444444444444,27.1,5.9,1.00691016781836,26.8
"2022-05-21","18:00:00",247.444444444444,27.2,6.8,1.00691016781836,25.9
"2022-05-21","19:00:00",155.888888888889,27.3,7.1,1.00691016781836,25.5
"2022-05-21","20:00:00",0.111111111111111,27.2,6.6,1.00691016781836,24.5
"2022-05-21","21:00:00",0,27.1,5.9,1.00691016781836,24.2
"2022-05-21","22:00:00",0,27,4.7,1.00789733464956,24.2
"2022-05-21","23:00:00",0,26.8,6.9,1.00789733464956,23.2
"2022-05-22","00:00:00",0,26.7,6.6,1.00691016781836,22.2
"2022-05-22","01:00:00",0,26.6,6.4,1.00691016781836,22.6
"2022-05-22","02:00:00",0,26.5,5.8,1.00691016781836,23.2
"2022-05-22","03:00:00",0,26.4,5.8,1.00691016781836,22.9
"2022-05-22","04:00:00",0,26.4,5.5,1.00691016781836,21.9
"2022-05-22","05:00:00",0,26.3,5.7,1.00691016781836,21.6
"2022-05-22","06:00:00",17.8888888888889,26.3,5.5,1.00691016781836,22.8
"2022-05-22","07:00:00",128.222222222222,26.2,5.9,1.00789733464956,22.8
"2022-05-22","08:00:00",156.666666666667,26.2,5.8,1.00888450148075,22.5
"2022-05-22","09:00:00",690,26.4,5.9,1.00888450148075,22.5
"2022-05-22","10:00:00",1062.22222222222,26.5,6.1,1.00888450148075,22.5
"2022-05-22","11:00:00",741.888888888889,26.6,6.4,1.00987166831194,21.7
"2022-05-22","12:00:00",1120.55555555556,26.6,6.3,1.00987166831194,20.4
"2022-05-22","13:00:00",1301,26.9,7.3,1.00888450148075,18.5
"2022-05-22","14:00:00",1074.66666666667,27.1,7.6,1.00789733464956,18.3
"2022-05-22","15:00:00",723.888888888889,27.1,7.3,1.00789733464956,19.1
"2022-05-22","16:00:00",637.888888888889,27,6.4,1.00691016781836,20.1
"2022-05-22","17:00:00",196.444444444444,27.1,7,1.00691016781836,19.2
"2022-05-22","18:00:00",151.888888888889,27,6.6,1.00691016781836,19.1
"2022-05-22","19:00:00",70.2222222222222,27,6.5,1.00592300098717,18.5
"2022-05-22","20:00:00",0.111111111111111,27,6.5,1.00592300098717,18.4
"2022-05-22","21:00:00",0,27.1,6.9,1.00592300098717,18.4
"2022-05-22","22:00:00",0,27,7.1,1.00592300098717,17.8
"2022-05-22","23:00:00",0,27,7.1,1.00592300098717,17
"2022-05-23","00:00:00",0,26.9,7,1.00592300098717,17
"2022-05-23","01:00:00",0,26.9,6.9,1.00493583415597,17.2
"2022-05-23","02:00:00",0,26.8,6.5,1.00493583415597,18
"2022-05-23","03:00:00",0,26.7,6.2,1.00493583415597,18.1
"2022-05-23","04:00:00",0,26.6,6.1,1.00493583415597,17.9
"2022-05-23","05:00:00",0,26.6,6.5,1.00493583415597,17.9
"2022-05-23","06:00:00",8.22222222222222,26.6,3.6,1.00493583415597,19.7
"2022-05-23","07:00:00",257.777777777778,26.6,4.2,1.00592300098717,19.6
"2022-05-23","08:00:00",712.555555555556,26.6,6.1,1.00592300098717,19.1
"2022-05-23","09:00:00",664.666666666667,26.8,5.9,1.00592300098717,19.1
"2022-05-23","10:00:00",1366.22222222222,26.9,6.2,1.00592300098717,19.1
"2022-05-23","11:00:00",1088.55555555556,27,6.4,1.00592300098717,19.1
"2022-05-23","12:00:00",1317.77777777778,27.3,6.7,1.00592300098717,19
"2022-05-23","13:00:00",1809.11111111111,27.3,6.5,1.00592300098717,18.6
"2022-05-23","14:00:00",1218.11111111111,27.5,7,1.00592300098717,18.5
"2022-05-23","15:00:00",344.888888888889,28.1,8.6,1.00493583415597,17.6
"2022-05-23","16:00:00",1388.88888888889,28.1,7.9,1.00394866732478,17.3
"2022-05-23","17:00:00",643.111111111111,27.9,7.9,1.00394866732478,18.5
"2022-05-23","18:00:00",192.222222222222,28,6.6,1.00394866732478,18.5
"2022-05-23","19:00:00",67.7777777777778,28,7.5,1.00493583415597,17.7
"2022-05-23","20:00:00",0.111111111111111,27.9,6.4,1.00493583415597,18.8
"2022-05-23","21:00:00",0,27.8,6.1,1.00493583415597,19.5
"2022-05-23","22:00:00",0,27.6,6.1,1.00394866732478,21.8
"2022-05-23","23:00:00",0,27.7,6.8,1.00394866732478,20.9
"2022-05-24","00:00:00",0,27.6,6.9,1.00394866732478,18.2
"2022-05-24","01:00:00",0,27.6,7,1.00296150049358,15.7
"2022-05-24","02:00:00",0,27.5,6.9,1.00296150049358,14.3
"2022-05-24","03:00:00",0,27.5,6.2,1.00296150049358,15.1
"2022-05-24","04:00:00",0,27.5,5.4,1.00197433366239,15.7
"2022-05-24","05:00:00",0,27.5,4.6,1.00197433366239,17
"2022-05-24","06:00:00",20,27.5,4.9,1.00296150049358,16.4
"2022-05-24","07:00:00",87.7777777777778,27.5,5.4,1.00394866732478,16.4
"2022-05-24","08:00:00",995.777777777778,27.3,5.4,1.00394866732478,15.4
"2022-05-24","09:00:00",1285.77777777778,27.2,5.2,1.00394866732478,14
"2022-05-24","10:00:00",1509.33333333333,27.3,5.9,1.00493583415597,13.9
"2022-05-24","11:00:00",1553.88888888889,27.4,4.6,1.00493583415597,15.3
"2022-05-24","12:00:00",1739.66666666667,27.5,4.9,1.00493583415597,15.5
"2022-05-24","13:00:00",2192.55555555556,27.6,5.4,1.00394866732478,14.8
"2022-05-24","14:00:00",1492.22222222222,27.6,5.7,1.00394866732478,14.9
"2022-05-24","15:00:00",1724.88888888889,28.1,5.6,1.00296150049358,14.6
"2022-05-24","16:00:00",1416.88888888889,28,5.6,1.00197433366239,14.8
"2022-05-24","17:00:00",899.333333333333,27.8,6,1.00197433366239,14.3
"2022-05-24","18:00:00",621.333333333333,28,6.8,1.00296150049358,14
"2022-05-24","19:00:00",147.333333333333,28.3,6.8,1.00296150049358,13.8
"2022-05-24","20:00:00",0.222222222222222,28.8,8.9,1.00296150049358,12.8
"2022-05-24","21:00:00",0,28.8,8.4,1.00296150049358,12.4
"2022-05-24","22:00:00",0,28.7,7.5,1.00394866732478,12.9
"2022-05-24","23:00:00",0,28.7,7,1.00296150049358,13.3
"2022-05-25","00:00:00",0,28.7,7.4,1.00296150049358,13.3
"2022-05-25","01:00:00",0,28.5,7.9,1.00296150049358,11.7
"2022-05-25","02:00:00",0,28.1,7.4,1.00197433366239,11.2
"2022-05-25","03:00:00",0,28,7.7,1.00296150049358,12.3
"2022-05-25","04:00:00",0,27.8,7.6,1.00296150049358,12
"2022-05-25","05:00:00",0,27.7,7.2,1.00197433366239,11.8
"2022-05-25","06:00:00",27.3333333333333,27.6,7,1.00296150049358,11.6
"2022-05-25","07:00:00",354.111111111111,27.5,6.9,1.00296150049358,11.9
"2022-05-25","08:00:00",641,27.5,7.1,1.00394866732478,12.3
"2022-05-25","09:00:00",997.888888888889,27.6,7.1,1.00394866732478,12.2
"2022-05-25","10:00:00",964,27.6,7.1,1.00493583415597,12.5
"2022-05-25","11:00:00",971,27.6,7,1.00592300098717,12.8
"2022-05-25","12:00:00",244.888888888889,27.6,7.3,1.00493583415597,12
"2022-05-25","13:00:00",594.111111111111,27.7,7.1,1.00493583415597,11.5
"2022-05-25","14:00:00",935.111111111111,27.9,7.9,1.00394866732478,12
"2022-05-25","15:00:00",486.111111111111,27.7,5.7,1.00394866732478,16.5
"2022-05-25","16:00:00",219.777777777778,27.7,6.3,1.00394866732478,13.7
"2022-05-25","17:00:00",122.111111111111,27.6,6.6,1.00394866732478,11.7
"2022-05-25","18:00:00",13.1111111111111,27.5,6.7,1.00394866732478,9.7
"2022-05-25","19:00:00",1.88888888888889,27.3,6.7,1.00592300098717,10
"2022-05-25","20:00:00",0,27.3,5.5,1.00592300098717,10.5
"2022-05-25","21:00:00",0,27,6.9,1.00592300098717,10.2
"2022-05-25","22:00:00",0,26.8,6.7,1.00493583415597,9.9
"2022-05-25","23:00:00",0,27,5.8,1.00592300098717,11.7
"2022-05-26","00:00:00",0,27.1,4.1,1.00493583415597,13.4
"2022-05-26","01:00:00",0,27.2,5.8,1.00493583415597,17.4
"2022-05-26","02:00:00",0,27.2,4.6,1.00493583415597,19
"2022-05-26","03:00:00",0,27.3,4.3,1.00493583415597,19.5
"2022-05-26","04:00:00",0,27.3,4.1,1.00394866732478,20.3
"2022-05-26","05:00:00",0,27.3,4.6,1.00394866732478,21.3
"2022-05-26","06:00:00",16.1111111111111,26.7,4.8,1.00493583415597,16.8
"2022-05-26","07:00:00",21.4444444444444,25.7,6,1.00493583415597,10.9
"2022-05-26","08:00:00",32.5555555555556,25.6,6.2,1.00493583415597,11.6
"2022-05-26","09:00:00",96.1111111111111,26.2,6,1.00493583415597,16.2
"2022-05-26","10:00:00",65.1111111111111,25.8,6.2,1.00493583415597,14.5
"2022-05-26","11:00:00",58.5555555555556,25.7,6.7,1.00493583415597,14.7
"2022-05-26","12:00:00",27,25.7,6.6,1.00493583415597,14.8
"2022-05-26","13:00:00",23.5555555555556,25.5,6.8,1.00394866732478,13.1
"2022-05-26","14:00:00",123.555555555556,25.6,6.6,1.00394866732478,13.7
"2022-05-26","15:00:00",177.555555555556,25.7,6.3,1.00296150049358,13.4
"2022-05-26","16:00:00",42.4444444444444,25.8,6.1,1.00394866732478,13.7
"2022-05-26","17:00:00",64.3333333333333,25.7,6,1.00296150049358,14.2
"2022-05-26","18:00:00",82.6666666666667,25.6,5.6,1.00098716683119,14.2
"2022-05-26","19:00:00",60.6666666666667,25.4,6.1,1.00098716683119,13.5
"2022-05-26","20:00:00",0.333333333333333,25.4,5.8,1.00197433366239,13.2
"2022-05-26","21:00:00",0,25.2,6.3,1.00197433366239,12.7
"2022-05-26","22:00:00",0,25,6.4,1.00197433366239,12.7
"2022-05-26","23:00:00",0,25.1,6.4,1.00197433366239,13.5
"2022-05-27","00:00:00",0,25.2,6.3,1.00197433366239,13.9
"2022-05-27","01:00:00",0,25.1,6.2,1.00197433366239,13.9
"2022-05-27","02:00:00",0,25.1,6,1.00197433366239,13.9
"2022-05-27","03:00:00",0,25.1,5.9,1.00098716683119,13.9
"2022-05-27","04:00:00",0,25,5.9,1.00098716683119,13.9
"2022-05-27","05:00:00",0,24.9,6,1.00098716683119,13.7
"2022-05-27","06:00:00",31.8888888888889,24.9,6.1,1.00197433366239,13.6
"2022-05-27","07:00:00",346.555555555556,24.9,5.8,1.00197433366239,13.4
"2022-05-27","08:00:00",362.555555555556,25.5,3.7,1.00197433366239,17.7
"2022-05-27","09:00:00",608.111111111111,25.7,2.7,1.00197433366239,18.5
"2022-05-27","10:00:00",969.777777777778,25.7,2.9,1.00197433366239,19.1
"2022-05-27","11:00:00",998.666666666667,25.8,3.1,1.00197433366239,20
"2022-05-27","12:00:00",1732.11111111111,25.8,3.7,1.00098716683119,20.4
"2022-05-27","13:00:00",2041.33333333333,25.6,4.5,1.00098716683119,20.5
"2022-05-27","14:00:00",2049.33333333333,25.6,4.7,1.00098716683119,20.6
"2022-05-27","15:00:00",1741.88888888889,25.6,5.1,1,20.7
"2022-05-27","16:00:00",1436.55555555556,25.6,5.1,1,21
"2022-05-27","17:00:00",1050.77777777778,25.5,4.7,0.999012833168806,21.2
"2022-05-27","18:00:00",610,25.5,4.9,0.999012833168806,21.2
"2022-05-27","19:00:00",181.222222222222,25.5,4.4,0.999012833168806,21.3
"2022-05-27","20:00:00",0.666666666666667,25.6,4.6,1,21.4
"2022-05-27","21:00:00",0,25.6,4.2,1,21.6
"2022-05-27","22:00:00",0,25.8,5.5,1,21.5
"2022-05-27","23:00:00",0,26,6,1,21.3
"2022-05-28","00:00:00",0,26.1,6.7,1,21.4
"2022-05-28","01:00:00",0,26.1,6.3,1,24.3
"2022-05-28","02:00:00",0,26.1,6,1,25.5
"2022-05-28","03:00:00",0,26.1,5.9,0.999012833168806,25.6
"2022-05-28","04:00:00",0,26.1,5.7,0.999012833168806,25.6
"2022-05-28","05:00:00",0,26.1,5.5,0.999012833168806,25.3
"2022-05-28","06:00:00",37.1111111111111,26.1,4.9,1,25.2
"2022-05-28","07:00:00",360.111111111111,26.1,4.2,1,25.2
"2022-05-28","08:00:00",783.777777777778,26.1,4.7,1.00098716683119,25.5
"2022-05-28","09:00:00",1204.77777777778,26.1,4.9,1.00098716683119,25.1
"2022-05-28","10:00:00",1572.22222222222,26.2,4.5,1.00098716683119,25.6
"2022-05-28","11:00:00",1850.11111111111,26.2,4.1,1.00098716683119,26
"2022-05-28","12:00:00",1777.55555555556,26.2,5.3,1.00098716683119,28
"2022-05-28","13:00:00",2098.11111111111,26.3,6.8,1.00098716683119,27.6
"2022-05-28","14:00:00",1947.33333333333,26.3,6.9,1,26.1
"2022-05-28","15:00:00",1747.22222222222,26.6,8.4,0.999012833168806,24
"2022-05-28","16:00:00",1440.77777777778,27.4,8.8,0.999012833168806,20.7
"2022-05-28","17:00:00",1050.44444444444,27.8,8.2,0.999012833168806,19
"2022-05-28","18:00:00",617.555555555556,27.2,7.9,0.999012833168806,21.6
"2022-05-28","19:00:00",190.777777777778,27.3,6.8,0.999012833168806,20.4
"2022-05-28","20:00:00",0.777777777777778,26.7,6.8,0.999012833168806,22.2
"2022-05-28","21:00:00",0,26.6,6.8,1,22.5
"2022-05-28","22:00:00",0,27,8,1,20.2
"2022-05-28","23:00:00",0,27,8,1.00098716683119,19.1
"2022-05-29","00:00:00",0,27,8.4,1.00098716683119,19.5
"2022-05-29","01:00:00",0,26.8,7.4,1,21.4
"2022-05-29","02:00:00",0,26.7,7.9,1,22.8
"2022-05-29","03:00:00",0,26.7,7.5,1,24.3
"2022-05-29","04:00:00",0,26.8,6.5,1,25.1
"2022-05-29","05:00:00",0,26.7,5.6,1,24.9
"2022-05-29","06:00:00",39.1111111111111,26.8,4.9,1.00098716683119,25.1
"2022-05-29","07:00:00",356.111111111111,26.8,4.8,1.00098716683119,23.7
"2022-05-29","08:00:00",552.888888888889,26.6,5.7,1.00197433366239,26.1
"2022-05-29","09:00:00",807.777777777778,26.6,5.7,1.00197433366239,24.1
"2022-05-29","10:00:00",1182.22222222222,26.6,6.4,1.00296150049358,24.4
"2022-05-29","11:00:00",1683.77777777778,26.6,6.9,1.00296150049358,23
"2022-05-29","12:00:00",2178.11111111111,26.8,6.7,1.00296150049358,24
"2022-05-29","13:00:00",1949,26.9,7.1,1.00296150049358,24.9
"2022-05-29","14:00:00",1772,26.9,7.9,1.00197433366239,25.1
"2022-05-29","15:00:00",1164.22222222222,27.2,8.6,1.00197433366239,23.5
"2022-05-29","16:00:00",947.111111111111,27.8,8.2,1.00098716683119,23
"2022-05-29","17:00:00",754.333333333333,28.8,8.8,1.00098716683119,20.1
"2022-05-29","18:00:00",653.222222222222,28.7,8.3,1.00098716683119,19.8
"2022-05-29","19:00:00",160.777777777778,28.8,7.6,1.00098716683119,20.3
"2022-05-29","20:00:00",0.666666666666667,28.9,8,1.00197433366239,18.7
"2022-05-29","21:00:00",0,28.9,8.1,1.00197433366239,18.4
"2022-05-29","22:00:00",0,28.2,6.9,1.00296150049358,20.4
"2022-05-29","23:00:00",0,27.9,7.7,1.00296150049358,19.4
"2022-05-30","00:00:00",0,27.9,8,1.00296150049358,20.1
"2022-05-30","01:00:00",0,28,7.2,1.00296150049358,20.2
"2022-05-30","02:00:00",0,28,7.4,1.00296150049358,21.1
"2022-05-30","03:00:00",0,27.9,7.2,1.00296150049358,22.2
"2022-05-30","04:00:00",0,27.8,6.4,1.00296150049358,22.7
"2022-05-30","05:00:00",0,27.7,5.6,1.00296150049358,25
"2022-05-30","06:00:00",45.7777777777778,27.5,5.5,1.00296150049358,26.2
"2022-05-30","07:00:00",403.555555555556,27.6,5.5,1.00296150049358,25
"2022-05-30","08:00:00",799.555555555556,27.7,6.1,1.00394866732478,22.5
"2022-05-30","09:00:00",1190.88888888889,27.6,6.3,1.00394866732478,21.5
"2022-05-30","10:00:00",1222,27.6,6.5,1.00394866732478,20.7
"2022-05-30","11:00:00",1967.77777777778,27.6,6.9,1.00394866732478,20.4
"2022-05-30","12:00:00",1981.44444444444,27.6,7.2,1.00394866732478,20.2
"2022-05-30","13:00:00",2021.11111111111,27.7,7.2,1.00394866732478,20.8
"2022-05-30","14:00:00",1971.44444444444,27.8,7.9,1.00394866732478,20.9
"2022-05-30","15:00:00",1733.33333333333,28.1,8,1.00296150049358,19.4
"2022-05-30","16:00:00",1178.11111111111,28.8,8.7,1.00296150049358,14.5
"2022-05-30","17:00:00",1050.22222222222,29.2,8.3,1.00296150049358,14.2
"2022-05-30","18:00:00",614.222222222222,28.8,6.9,1.00296150049358,16.6
"2022-05-30","19:00:00",184.333333333333,28.8,7,1.00296150049358,16.4
"2022-05-30","20:00:00",0.777777777777778,29,6.9,1.00296150049358,15.3
"2022-05-30","21:00:00",0,28.6,5.5,1.00394866732478,16.8
"2022-05-30","22:00:00",0,28.4,5.5,1.00493583415597,17.3
"2022-05-30","23:00:00",0,28.4,6.8,1.00493583415597,16.2
"2022-05-31","00:00:00",0,28.4,7.3,1.00394866732478,14.4
"2022-05-31","01:00:00",0,28.2,6.8,1.00394866732478,15.5
"2022-05-31","02:00:00",0,28.5,7.6,1.00394866732478,14
"2022-05-31","03:00:00",0,28.4,6.9,1.00296150049358,14.2
"2022-05-31","04:00:00",0,28.3,6.7,1.00296150049358,14.2
"2022-05-31","05:00:00",0,28.3,6.2,1.00394866732478,14
"2022-05-31","06:00:00",35.5555555555556,28.3,5.9,1.00394866732478,13.9
"2022-05-31","07:00:00",313.555555555556,27.8,6.8,1.00493583415597,12.3
"2022-05-31","08:00:00",781.666666666667,27.8,5.4,1.00493583415597,12.6
"2022-05-31","09:00:00",1138.44444444444,28.1,5.5,1.00493583415597,13.7
"2022-05-31","10:00:00",1550,28.2,5.7,1.00493583415597,13.6
"2022-05-31","11:00:00",1722.55555555556,28.2,5.6,1.00493583415597,13.8
"2022-05-31","12:00:00",1988.33333333333,28.2,6.1,1.00493583415597,14.1
"2022-05-31","13:00:00",2053.33333333333,28.2,6.2,1.00394866732478,14
"2022-05-31","14:00:00",466.777777777778,28.4,6.6,1.00394866732478,13
"2022-05-31","15:00:00",210.444444444444,28.5,7,1.00394866732478,12.4
"2022-05-31","16:00:00",199.444444444444,28.3,6.1,1.00394866732478,13.3
"2022-05-31","17:00:00",566.444444444444,28.8,7.5,1.00296150049358,12
"2022-05-31","18:00:00",435.333333333333,28.4,5.1,1.00296150049358,13
"2022-05-31","19:00:00",200.333333333333,28.3,5.2,1.00296150049358,12.8
"2022-05-31","20:00:00",0.666666666666667,28.5,6.4,1.00394866732478,11.4
"2022-05-31","21:00:00",0,28.4,5.2,1.00394866732478,11.7
"2022-05-31","22:00:00",0,28.6,5.8,1.00493583415597,12.3
"2022-05-31","23:00:00",0,28.8,7.1,1.00493583415597,11.1
