"Date","var","val","site"
2022-05-01 00:30:00,"GPP",NA,"apapc"
2022-05-01 00:30:00,"ER",NA,"apapc"
2022-05-01 00:30:00,"NEP",NA,"apapc"
2022-05-01 01:30:00,"GPP",NA,"apapc"
2022-05-01 01:30:00,"ER",NA,"apapc"
2022-05-01 01:30:00,"NEP",NA,"apapc"
2022-05-01 02:30:00,"GPP",NA,"apapc"
2022-05-01 02:30:00,"ER",NA,"apapc"
2022-05-01 02:30:00,"NEP",NA,"apapc"
2022-05-01 03:30:00,"GPP",NA,"apapc"
2022-05-01 03:30:00,"ER",NA,"apapc"
2022-05-01 03:30:00,"NEP",NA,"apapc"
2022-05-01 04:30:00,"GPP",NA,"apapc"
2022-05-01 04:30:00,"ER",NA,"apapc"
2022-05-01 04:30:00,"NEP",NA,"apapc"
2022-05-01 05:30:00,"GPP",NA,"apapc"
2022-05-01 05:30:00,"ER",NA,"apapc"
2022-05-01 05:30:00,"NEP",NA,"apapc"
2022-05-01 06:30:00,"GPP",290.5170354477,"apapc"
2022-05-01 06:30:00,"ER",-291.601870131139,"apapc"
2022-05-01 06:30:00,"NEP",-1.08483468343871,"apapc"
2022-05-01 07:30:00,"GPP",-913.407085486944,"apapc"
2022-05-01 07:30:00,"ER",-291.601870131139,"apapc"
2022-05-01 07:30:00,"NEP",-1205.00895561808,"apapc"
2022-05-01 08:30:00,"GPP",1682.75048545991,"apapc"
2022-05-01 08:30:00,"ER",-291.601870131139,"apapc"
2022-05-01 08:30:00,"NEP",1391.14861532877,"apapc"
2022-05-01 09:30:00,"GPP",-1115.70373452496,"apapc"
2022-05-01 09:30:00,"ER",-291.601870131139,"apapc"
2022-05-01 09:30:00,"NEP",-1407.3056046561,"apapc"
2022-05-01 10:30:00,"GPP",1482.55906615267,"apapc"
2022-05-01 10:30:00,"ER",-291.601870131139,"apapc"
2022-05-01 10:30:00,"NEP",1190.95719602153,"apapc"
2022-05-01 11:30:00,"GPP",-1320.02041945089,"apapc"
2022-05-01 11:30:00,"ER",-291.601870131139,"apapc"
2022-05-01 11:30:00,"NEP",-1611.62228958203,"apapc"
2022-05-01 12:30:00,"GPP",2683.192606708,"apapc"
2022-05-01 12:30:00,"ER",-291.601870131139,"apapc"
2022-05-01 12:30:00,"NEP",2391.59073657686,"apapc"
2022-05-01 13:30:00,"GPP",490.561429583877,"apapc"
2022-05-01 13:30:00,"ER",-291.601870131139,"apapc"
2022-05-01 13:30:00,"NEP",198.959559452738,"apapc"
2022-05-01 14:30:00,"GPP",693.115081392124,"apapc"
2022-05-01 14:30:00,"ER",-291.601870131139,"apapc"
2022-05-01 14:30:00,"NEP",401.513211260985,"apapc"
2022-05-01 15:30:00,"GPP",1296.35566352318,"apapc"
2022-05-01 15:30:00,"ER",-291.601870131139,"apapc"
2022-05-01 15:30:00,"NEP",1004.75379339204,"apapc"
2022-05-01 16:30:00,"GPP",-1704.74016643974,"apapc"
2022-05-01 16:30:00,"ER",-291.601870131139,"apapc"
2022-05-01 16:30:00,"NEP",-1996.34203657088,"apapc"
2022-05-01 17:30:00,"GPP",-1715.96745736895,"apapc"
2022-05-01 17:30:00,"ER",-291.601870131139,"apapc"
2022-05-01 17:30:00,"NEP",-2007.56932750009,"apapc"
2022-05-01 18:30:00,"GPP",2689.45537042984,"apapc"
2022-05-01 18:30:00,"ER",-291.601870131139,"apapc"
2022-05-01 18:30:00,"NEP",2397.8535002987,"apapc"
2022-05-01 19:30:00,"GPP",0,"apapc"
2022-05-01 19:30:00,"ER",-291.601870131139,"apapc"
2022-05-01 19:30:00,"NEP",-291.601870131139,"apapc"
2022-05-01 20:30:00,"GPP",0,"apapc"
2022-05-01 20:30:00,"ER",-291.601870131139,"apapc"
2022-05-01 20:30:00,"NEP",-291.601870131139,"apapc"
2022-05-01 21:30:00,"GPP",0,"apapc"
2022-05-01 21:30:00,"ER",-291.601870131139,"apapc"
2022-05-01 21:30:00,"NEP",-291.601870131139,"apapc"
2022-05-01 22:30:00,"GPP",0,"apapc"
2022-05-01 22:30:00,"ER",-291.601870131139,"apapc"
2022-05-01 22:30:00,"NEP",-291.601870131139,"apapc"
2022-05-01 23:30:00,"GPP",0,"apapc"
2022-05-01 23:30:00,"ER",-291.601870131139,"apapc"
2022-05-01 23:30:00,"NEP",-291.601870131139,"apapc"
2022-05-02 00:30:00,"GPP",0,"apapc"
2022-05-02 00:30:00,"ER",-291.601870131139,"apapc"
2022-05-02 00:30:00,"NEP",-291.601870131139,"apapc"
2022-05-02 01:30:00,"GPP",0,"apapc"
2022-05-02 01:30:00,"ER",-291.601870131139,"apapc"
2022-05-02 01:30:00,"NEP",-291.601870131139,"apapc"
2022-05-02 02:30:00,"GPP",0,"apapc"
2022-05-02 02:30:00,"ER",-291.601870131139,"apapc"
2022-05-02 02:30:00,"NEP",-291.601870131139,"apapc"
2022-05-02 03:30:00,"GPP",0,"apapc"
2022-05-02 03:30:00,"ER",-291.601870131139,"apapc"
2022-05-02 03:30:00,"NEP",-291.601870131139,"apapc"
2022-05-02 04:30:00,"GPP",0,"apapc"
2022-05-02 04:30:00,"ER",-291.601870131139,"apapc"
2022-05-02 04:30:00,"NEP",-291.601870131139,"apapc"
2022-05-02 05:30:00,"GPP",0,"apapc"
2022-05-02 05:30:00,"ER",-291.601870131139,"apapc"
2022-05-02 05:30:00,"NEP",-291.601870131139,"apapc"
2022-05-02 06:30:00,"GPP",-2656.07065102433,"apapc"
2022-05-02 06:30:00,"ER",454.536839791761,"apapc"
2022-05-02 06:30:00,"NEP",-2201.53381123257,"apapc"
2022-05-02 07:30:00,"GPP",3341.66849388947,"apapc"
2022-05-02 07:30:00,"ER",454.536839791761,"apapc"
2022-05-02 07:30:00,"NEP",3796.20533368123,"apapc"
2022-05-02 08:30:00,"GPP",-863.319181121286,"apapc"
2022-05-02 08:30:00,"ER",454.536839791761,"apapc"
2022-05-02 08:30:00,"NEP",-408.782341329525,"apapc"
2022-05-02 09:30:00,"GPP",332.234359478295,"apapc"
2022-05-02 09:30:00,"ER",454.536839791761,"apapc"
2022-05-02 09:30:00,"NEP",786.771199270056,"apapc"
2022-05-02 10:30:00,"GPP",-1063.96846429966,"apapc"
2022-05-02 10:30:00,"ER",454.536839791761,"apapc"
2022-05-02 10:30:00,"NEP",-609.431624507902,"apapc"
2022-05-02 11:30:00,"GPP",1741.06390504455,"apapc"
2022-05-02 11:30:00,"ER",454.536839791761,"apapc"
2022-05-02 11:30:00,"NEP",2195.60074483631,"apapc"
2022-05-02 12:30:00,"GPP",-1456.06719143764,"apapc"
2022-05-02 12:30:00,"ER",454.536839791761,"apapc"
2022-05-02 12:30:00,"NEP",-1001.53035164588,"apapc"
2022-05-02 13:30:00,"GPP",-2868.53449057345,"apapc"
2022-05-02 13:30:00,"ER",454.536839791761,"apapc"
2022-05-02 13:30:00,"NEP",-2413.99765078169,"apapc"
2022-05-02 14:30:00,"GPP",727.042665308451,"apapc"
2022-05-02 14:30:00,"ER",454.536839791761,"apapc"
2022-05-02 14:30:00,"NEP",1181.57950510021,"apapc"
2022-05-02 15:30:00,"GPP",2543.54268335859,"apapc"
2022-05-02 15:30:00,"ER",454.536839791761,"apapc"
2022-05-02 15:30:00,"NEP",2998.07952315035,"apapc"
2022-05-02 16:30:00,"GPP",354.267114127422,"apapc"
2022-05-02 16:30:00,"ER",454.536839791761,"apapc"
2022-05-02 16:30:00,"NEP",808.803953919183,"apapc"
2022-05-02 17:30:00,"GPP",-6058.61546243923,"apapc"
2022-05-02 17:30:00,"ER",454.536839791761,"apapc"
2022-05-02 17:30:00,"NEP",-5604.07862264746,"apapc"
2022-05-02 18:30:00,"GPP",-1868.20938947381,"apapc"
2022-05-02 18:30:00,"ER",454.536839791761,"apapc"
2022-05-02 18:30:00,"NEP",-1413.67254968205,"apapc"
2022-05-02 19:30:00,"GPP",0,"apapc"
2022-05-02 19:30:00,"ER",454.536839791761,"apapc"
2022-05-02 19:30:00,"NEP",454.536839791761,"apapc"
2022-05-02 20:30:00,"GPP",0,"apapc"
2022-05-02 20:30:00,"ER",454.536839791761,"apapc"
2022-05-02 20:30:00,"NEP",454.536839791761,"apapc"
2022-05-02 21:30:00,"GPP",0,"apapc"
2022-05-02 21:30:00,"ER",454.536839791761,"apapc"
2022-05-02 21:30:00,"NEP",454.536839791761,"apapc"
2022-05-02 22:30:00,"GPP",0,"apapc"
2022-05-02 22:30:00,"ER",454.536839791761,"apapc"
2022-05-02 22:30:00,"NEP",454.536839791761,"apapc"
2022-05-02 23:30:00,"GPP",0,"apapc"
2022-05-02 23:30:00,"ER",454.536839791761,"apapc"
2022-05-02 23:30:00,"NEP",454.536839791761,"apapc"
2022-05-03 00:30:00,"GPP",0,"apapc"
2022-05-03 00:30:00,"ER",454.536839791761,"apapc"
2022-05-03 00:30:00,"NEP",454.536839791761,"apapc"
2022-05-03 01:30:00,"GPP",0,"apapc"
2022-05-03 01:30:00,"ER",454.536839791761,"apapc"
2022-05-03 01:30:00,"NEP",454.536839791761,"apapc"
2022-05-03 02:30:00,"GPP",0,"apapc"
2022-05-03 02:30:00,"ER",454.536839791761,"apapc"
2022-05-03 02:30:00,"NEP",454.536839791761,"apapc"
2022-05-03 03:30:00,"GPP",0,"apapc"
2022-05-03 03:30:00,"ER",454.536839791761,"apapc"
2022-05-03 03:30:00,"NEP",454.536839791761,"apapc"
2022-05-03 04:30:00,"GPP",0,"apapc"
2022-05-03 04:30:00,"ER",454.536839791761,"apapc"
2022-05-03 04:30:00,"NEP",454.536839791761,"apapc"
2022-05-03 05:30:00,"GPP",0,"apapc"
2022-05-03 05:30:00,"ER",454.536839791761,"apapc"
2022-05-03 05:30:00,"NEP",454.536839791761,"apapc"
2022-05-03 06:30:00,"GPP",-1074.54379049958,"apapc"
2022-05-03 06:30:00,"ER",-526.913314009703,"apapc"
2022-05-03 06:30:00,"NEP",-1601.45710450928,"apapc"
2022-05-03 07:30:00,"GPP",-278.956912404015,"apapc"
2022-05-03 07:30:00,"ER",-526.913314009703,"apapc"
2022-05-03 07:30:00,"NEP",-805.870226413718,"apapc"
2022-05-03 08:30:00,"GPP",-84.4126244944374,"apapc"
2022-05-03 08:30:00,"ER",-526.913314009703,"apapc"
2022-05-03 08:30:00,"NEP",-611.32593850414,"apapc"
2022-05-03 09:30:00,"GPP",1516.37183054019,"apapc"
2022-05-03 09:30:00,"ER",-526.913314009703,"apapc"
2022-05-03 09:30:00,"NEP",989.45851653049,"apapc"
2022-05-03 10:30:00,"GPP",115.647852119091,"apapc"
2022-05-03 10:30:00,"ER",-526.913314009703,"apapc"
2022-05-03 10:30:00,"NEP",-411.265461890612,"apapc"
2022-05-03 11:30:00,"GPP",-286.477433777829,"apapc"
2022-05-03 11:30:00,"ER",-526.913314009703,"apapc"
2022-05-03 11:30:00,"NEP",-813.390747787532,"apapc"
2022-05-03 12:30:00,"GPP",103.377345125164,"apapc"
2022-05-03 12:30:00,"ER",-526.913314009703,"apapc"
2022-05-03 12:30:00,"NEP",-423.535968884538,"apapc"
2022-05-03 13:30:00,"GPP",5311.31216934869,"apapc"
2022-05-03 13:30:00,"ER",-526.913314009703,"apapc"
2022-05-03 13:30:00,"NEP",4784.39885533899,"apapc"
2022-05-03 14:30:00,"GPP",946.015910996056,"apapc"
2022-05-03 14:30:00,"ER",-526.913314009703,"apapc"
2022-05-03 14:30:00,"NEP",419.102596986354,"apapc"
2022-05-03 15:30:00,"GPP",1751.31639418935,"apapc"
2022-05-03 15:30:00,"ER",-526.913314009703,"apapc"
2022-05-03 15:30:00,"NEP",1224.40308017965,"apapc"
2022-05-03 16:30:00,"GPP",351.056679442337,"apapc"
2022-05-03 16:30:00,"ER",-526.913314009703,"apapc"
2022-05-03 16:30:00,"NEP",-175.856634567366,"apapc"
2022-05-03 17:30:00,"GPP",-49.9436024103167,"apapc"
2022-05-03 17:30:00,"ER",-526.913314009703,"apapc"
2022-05-03 17:30:00,"NEP",-576.85691642002,"apapc"
2022-05-03 18:30:00,"GPP",342.861141797538,"apapc"
2022-05-03 18:30:00,"ER",-526.913314009703,"apapc"
2022-05-03 18:30:00,"NEP",-184.052172212165,"apapc"
2022-05-03 19:30:00,"GPP",0,"apapc"
2022-05-03 19:30:00,"ER",-526.913314009703,"apapc"
2022-05-03 19:30:00,"NEP",-526.913314009703,"apapc"
2022-05-03 20:30:00,"GPP",0,"apapc"
2022-05-03 20:30:00,"ER",-526.913314009703,"apapc"
2022-05-03 20:30:00,"NEP",-526.913314009703,"apapc"
2022-05-03 21:30:00,"GPP",0,"apapc"
2022-05-03 21:30:00,"ER",-526.913314009703,"apapc"
2022-05-03 21:30:00,"NEP",-526.913314009703,"apapc"
2022-05-03 22:30:00,"GPP",0,"apapc"
2022-05-03 22:30:00,"ER",-526.913314009703,"apapc"
2022-05-03 22:30:00,"NEP",-526.913314009703,"apapc"
2022-05-03 23:30:00,"GPP",0,"apapc"
2022-05-03 23:30:00,"ER",-526.913314009703,"apapc"
2022-05-03 23:30:00,"NEP",-526.913314009703,"apapc"
2022-05-04 00:30:00,"GPP",0,"apapc"
2022-05-04 00:30:00,"ER",-526.913314009703,"apapc"
2022-05-04 00:30:00,"NEP",-526.913314009703,"apapc"
2022-05-04 01:30:00,"GPP",0,"apapc"
2022-05-04 01:30:00,"ER",-526.913314009703,"apapc"
2022-05-04 01:30:00,"NEP",-526.913314009703,"apapc"
2022-05-04 02:30:00,"GPP",0,"apapc"
2022-05-04 02:30:00,"ER",-526.913314009703,"apapc"
2022-05-04 02:30:00,"NEP",-526.913314009703,"apapc"
2022-05-04 03:30:00,"GPP",0,"apapc"
2022-05-04 03:30:00,"ER",-526.913314009703,"apapc"
2022-05-04 03:30:00,"NEP",-526.913314009703,"apapc"
2022-05-04 04:30:00,"GPP",0,"apapc"
2022-05-04 04:30:00,"ER",-526.913314009703,"apapc"
2022-05-04 04:30:00,"NEP",-526.913314009703,"apapc"
2022-05-04 05:30:00,"GPP",0,"apapc"
2022-05-04 05:30:00,"ER",-526.913314009703,"apapc"
2022-05-04 05:30:00,"NEP",-526.913314009703,"apapc"
2022-05-04 06:30:00,"GPP",1924.54130122879,"apapc"
2022-05-04 06:30:00,"ER",-328.733826415332,"apapc"
2022-05-04 06:30:00,"NEP",1595.80747481345,"apapc"
2022-05-04 07:30:00,"GPP",723.37771207517,"apapc"
2022-05-04 07:30:00,"ER",-328.733826415332,"apapc"
2022-05-04 07:30:00,"NEP",394.643885659838,"apapc"
2022-05-04 08:30:00,"GPP",-2079.69264228841,"apapc"
2022-05-04 08:30:00,"ER",-328.733826415332,"apapc"
2022-05-04 08:30:00,"NEP",-2408.42646870374,"apapc"
2022-05-04 09:30:00,"GPP",4923.79309501285,"apapc"
2022-05-04 09:30:00,"ER",-328.733826415332,"apapc"
2022-05-04 09:30:00,"NEP",4595.05926859752,"apapc"
2022-05-04 10:30:00,"GPP",1131.09083461352,"apapc"
2022-05-04 10:30:00,"ER",-328.733826415332,"apapc"
2022-05-04 10:30:00,"NEP",802.357008198186,"apapc"
2022-05-04 11:30:00,"GPP",-66.8763660279297,"apapc"
2022-05-04 11:30:00,"ER",-328.733826415332,"apapc"
2022-05-04 11:30:00,"NEP",-395.610192443262,"apapc"
2022-05-04 12:30:00,"GPP",1133.66135524626,"apapc"
2022-05-04 12:30:00,"ER",-328.733826415332,"apapc"
2022-05-04 12:30:00,"NEP",804.927528830933,"apapc"
2022-05-04 13:30:00,"GPP",1339.77788234946,"apapc"
2022-05-04 13:30:00,"ER",-328.733826415332,"apapc"
2022-05-04 13:30:00,"NEP",1011.04405593412,"apapc"
2022-05-04 14:30:00,"GPP",-851.115385849667,"apapc"
2022-05-04 14:30:00,"ER",-328.733826415332,"apapc"
2022-05-04 14:30:00,"NEP",-1179.849212265,"apapc"
2022-05-04 15:30:00,"GPP",147.41936603293,"apapc"
2022-05-04 15:30:00,"ER",-328.733826415332,"apapc"
2022-05-04 15:30:00,"NEP",-181.314460382402,"apapc"
2022-05-04 16:30:00,"GPP",1950.95089728437,"apapc"
2022-05-04 16:30:00,"ER",-328.733826415332,"apapc"
2022-05-04 16:30:00,"NEP",1622.21707086904,"apapc"
2022-05-04 17:30:00,"GPP",2368.91903655939,"apapc"
2022-05-04 17:30:00,"ER",-328.733826415332,"apapc"
2022-05-04 17:30:00,"NEP",2040.18521014406,"apapc"
2022-05-04 18:30:00,"GPP",361.721273214441,"apapc"
2022-05-04 18:30:00,"ER",-328.733826415332,"apapc"
2022-05-04 18:30:00,"NEP",32.987446799109,"apapc"
2022-05-04 19:30:00,"GPP",0,"apapc"
2022-05-04 19:30:00,"ER",-328.733826415332,"apapc"
2022-05-04 19:30:00,"NEP",-328.733826415332,"apapc"
2022-05-04 20:30:00,"GPP",0,"apapc"
2022-05-04 20:30:00,"ER",-328.733826415332,"apapc"
2022-05-04 20:30:00,"NEP",-328.733826415332,"apapc"
2022-05-04 21:30:00,"GPP",0,"apapc"
2022-05-04 21:30:00,"ER",-328.733826415332,"apapc"
2022-05-04 21:30:00,"NEP",-328.733826415332,"apapc"
2022-05-04 22:30:00,"GPP",0,"apapc"
2022-05-04 22:30:00,"ER",-328.733826415332,"apapc"
2022-05-04 22:30:00,"NEP",-328.733826415332,"apapc"
2022-05-04 23:30:00,"GPP",0,"apapc"
2022-05-04 23:30:00,"ER",-328.733826415332,"apapc"
2022-05-04 23:30:00,"NEP",-328.733826415332,"apapc"
2022-05-05 00:30:00,"GPP",0,"apapc"
2022-05-05 00:30:00,"ER",-328.733826415332,"apapc"
2022-05-05 00:30:00,"NEP",-328.733826415332,"apapc"
2022-05-05 01:30:00,"GPP",0,"apapc"
2022-05-05 01:30:00,"ER",-328.733826415332,"apapc"
2022-05-05 01:30:00,"NEP",-328.733826415332,"apapc"
2022-05-05 02:30:00,"GPP",0,"apapc"
2022-05-05 02:30:00,"ER",-328.733826415332,"apapc"
2022-05-05 02:30:00,"NEP",-328.733826415332,"apapc"
2022-05-05 03:30:00,"GPP",0,"apapc"
2022-05-05 03:30:00,"ER",-328.733826415332,"apapc"
2022-05-05 03:30:00,"NEP",-328.733826415332,"apapc"
2022-05-05 04:30:00,"GPP",0,"apapc"
2022-05-05 04:30:00,"ER",-328.733826415332,"apapc"
2022-05-05 04:30:00,"NEP",-328.733826415332,"apapc"
2022-05-05 05:30:00,"GPP",0,"apapc"
2022-05-05 05:30:00,"ER",-328.733826415332,"apapc"
2022-05-05 05:30:00,"NEP",-328.733826415332,"apapc"
2022-05-05 06:30:00,"GPP",102.136224007177,"apapc"
2022-05-05 06:30:00,"ER",-101.560440567492,"apapc"
2022-05-05 06:30:00,"NEP",0.57578343968548,"apapc"
2022-05-05 07:30:00,"GPP",102.422737043278,"apapc"
2022-05-05 07:30:00,"ER",-101.560440567492,"apapc"
2022-05-05 07:30:00,"NEP",0.862296475786536,"apapc"
2022-05-05 08:30:00,"GPP",102.511003862207,"apapc"
2022-05-05 08:30:00,"ER",-101.560440567492,"apapc"
2022-05-05 08:30:00,"NEP",0.950563294715195,"apapc"
2022-05-05 09:30:00,"GPP",103.13729025908,"apapc"
2022-05-05 09:30:00,"ER",-101.560440567492,"apapc"
2022-05-05 09:30:00,"NEP",1.57684969158839,"apapc"
2022-05-05 10:30:00,"GPP",1305.62420324061,"apapc"
2022-05-05 10:30:00,"ER",-101.560440567492,"apapc"
2022-05-05 10:30:00,"NEP",1204.06376267311,"apapc"
2022-05-05 11:30:00,"GPP",-889.794792800424,"apapc"
2022-05-05 11:30:00,"ER",-101.560440567492,"apapc"
2022-05-05 11:30:00,"NEP",-991.355233367916,"apapc"
2022-05-05 12:30:00,"GPP",710.206246662897,"apapc"
2022-05-05 12:30:00,"ER",-101.560440567492,"apapc"
2022-05-05 12:30:00,"NEP",608.645806095406,"apapc"
2022-05-05 13:30:00,"GPP",-80.3749825738976,"apapc"
2022-05-05 13:30:00,"ER",-101.560440567492,"apapc"
2022-05-05 13:30:00,"NEP",-181.935423141389,"apapc"
2022-05-05 14:30:00,"GPP",-72.5972461841338,"apapc"
2022-05-05 14:30:00,"ER",-101.560440567492,"apapc"
2022-05-05 14:30:00,"NEP",-174.157686751626,"apapc"
2022-05-05 15:30:00,"GPP",-2293.9023681614,"apapc"
2022-05-05 15:30:00,"ER",-101.560440567492,"apapc"
2022-05-05 15:30:00,"NEP",-2395.46280872889,"apapc"
2022-05-05 16:30:00,"GPP",694.825220940469,"apapc"
2022-05-05 16:30:00,"ER",-101.560440567492,"apapc"
2022-05-05 16:30:00,"NEP",593.264780372977,"apapc"
2022-05-05 17:30:00,"GPP",2913.9256725718,"apapc"
2022-05-05 17:30:00,"ER",-101.560440567492,"apapc"
2022-05-05 17:30:00,"NEP",2812.36523200431,"apapc"
2022-05-05 18:30:00,"GPP",-482.845727014536,"apapc"
2022-05-05 18:30:00,"ER",-101.560440567492,"apapc"
2022-05-05 18:30:00,"NEP",-584.406167582028,"apapc"
2022-05-05 19:30:00,"GPP",0,"apapc"
2022-05-05 19:30:00,"ER",-101.560440567492,"apapc"
2022-05-05 19:30:00,"NEP",-101.560440567492,"apapc"
2022-05-05 20:30:00,"GPP",0,"apapc"
2022-05-05 20:30:00,"ER",-101.560440567492,"apapc"
2022-05-05 20:30:00,"NEP",-101.560440567492,"apapc"
2022-05-05 21:30:00,"GPP",0,"apapc"
2022-05-05 21:30:00,"ER",-101.560440567492,"apapc"
2022-05-05 21:30:00,"NEP",-101.560440567492,"apapc"
2022-05-05 22:30:00,"GPP",0,"apapc"
2022-05-05 22:30:00,"ER",-101.560440567492,"apapc"
2022-05-05 22:30:00,"NEP",-101.560440567492,"apapc"
2022-05-05 23:30:00,"GPP",0,"apapc"
2022-05-05 23:30:00,"ER",-101.560440567492,"apapc"
2022-05-05 23:30:00,"NEP",-101.560440567492,"apapc"
2022-05-06 00:30:00,"GPP",0,"apapc"
2022-05-06 00:30:00,"ER",-101.560440567492,"apapc"
2022-05-06 00:30:00,"NEP",-101.560440567492,"apapc"
2022-05-06 01:30:00,"GPP",0,"apapc"
2022-05-06 01:30:00,"ER",-101.560440567492,"apapc"
2022-05-06 01:30:00,"NEP",-101.560440567492,"apapc"
2022-05-06 02:30:00,"GPP",0,"apapc"
2022-05-06 02:30:00,"ER",-101.560440567492,"apapc"
2022-05-06 02:30:00,"NEP",-101.560440567492,"apapc"
2022-05-06 03:30:00,"GPP",0,"apapc"
2022-05-06 03:30:00,"ER",-101.560440567492,"apapc"
2022-05-06 03:30:00,"NEP",-101.560440567492,"apapc"
2022-05-06 04:30:00,"GPP",0,"apapc"
2022-05-06 04:30:00,"ER",-101.560440567492,"apapc"
2022-05-06 04:30:00,"NEP",-101.560440567492,"apapc"
2022-05-06 05:30:00,"GPP",0,"apapc"
2022-05-06 05:30:00,"ER",-101.560440567492,"apapc"
2022-05-06 05:30:00,"NEP",-101.560440567492,"apapc"
2022-05-06 06:30:00,"GPP",-266.6482953818,"apapc"
2022-05-06 06:30:00,"ER",-131.15512168828,"apapc"
2022-05-06 06:30:00,"NEP",-397.80341707008,"apapc"
2022-05-06 07:30:00,"GPP",-1070.54267727236,"apapc"
2022-05-06 07:30:00,"ER",-131.15512168828,"apapc"
2022-05-06 07:30:00,"NEP",-1201.69779896064,"apapc"
2022-05-06 08:30:00,"GPP",-275.571271629905,"apapc"
2022-05-06 08:30:00,"ER",-131.15512168828,"apapc"
2022-05-06 08:30:00,"NEP",-406.726393318184,"apapc"
2022-05-06 09:30:00,"GPP",1123.80350539028,"apapc"
2022-05-06 09:30:00,"ER",-131.15512168828,"apapc"
2022-05-06 09:30:00,"NEP",992.648383702001,"apapc"
2022-05-06 10:30:00,"GPP",-73.1492582949009,"apapc"
2022-05-06 10:30:00,"ER",-131.15512168828,"apapc"
2022-05-06 10:30:00,"NEP",-204.304379983181,"apapc"
2022-05-06 11:30:00,"GPP",-478.511738000414,"apapc"
2022-05-06 11:30:00,"ER",-131.15512168828,"apapc"
2022-05-06 11:30:00,"NEP",-609.666859688694,"apapc"
2022-05-06 12:30:00,"GPP",518.631418651954,"apapc"
2022-05-06 12:30:00,"ER",-131.15512168828,"apapc"
2022-05-06 12:30:00,"NEP",387.476296963674,"apapc"
2022-05-06 13:30:00,"GPP",1535.40173343673,"apapc"
2022-05-06 13:30:00,"ER",-131.15512168828,"apapc"
2022-05-06 13:30:00,"NEP",1404.24661174845,"apapc"
2022-05-06 14:30:00,"GPP",-1263.2347637537,"apapc"
2022-05-06 14:30:00,"ER",-131.15512168828,"apapc"
2022-05-06 14:30:00,"NEP",-1394.38988544198,"apapc"
2022-05-06 15:30:00,"GPP",726.909635432187,"apapc"
2022-05-06 15:30:00,"ER",-131.15512168828,"apapc"
2022-05-06 15:30:00,"NEP",595.754513743907,"apapc"
2022-05-06 16:30:00,"GPP",-67.7345537448033,"apapc"
2022-05-06 16:30:00,"ER",-131.15512168828,"apapc"
2022-05-06 16:30:00,"NEP",-198.889675433083,"apapc"
2022-05-06 17:30:00,"GPP",127.840836370116,"apapc"
2022-05-06 17:30:00,"ER",-131.15512168828,"apapc"
2022-05-06 17:30:00,"NEP",-3.31428531816374,"apapc"
2022-05-06 18:30:00,"GPP",-72.5528362114819,"apapc"
2022-05-06 18:30:00,"ER",-131.15512168828,"apapc"
2022-05-06 18:30:00,"NEP",-203.707957899762,"apapc"
2022-05-06 19:30:00,"GPP",0,"apapc"
2022-05-06 19:30:00,"ER",-131.15512168828,"apapc"
2022-05-06 19:30:00,"NEP",-131.15512168828,"apapc"
2022-05-06 20:30:00,"GPP",0,"apapc"
2022-05-06 20:30:00,"ER",-131.15512168828,"apapc"
2022-05-06 20:30:00,"NEP",-131.15512168828,"apapc"
2022-05-06 21:30:00,"GPP",0,"apapc"
2022-05-06 21:30:00,"ER",-131.15512168828,"apapc"
2022-05-06 21:30:00,"NEP",-131.15512168828,"apapc"
2022-05-06 22:30:00,"GPP",0,"apapc"
2022-05-06 22:30:00,"ER",-131.15512168828,"apapc"
2022-05-06 22:30:00,"NEP",-131.15512168828,"apapc"
2022-05-06 23:30:00,"GPP",0,"apapc"
2022-05-06 23:30:00,"ER",-131.15512168828,"apapc"
2022-05-06 23:30:00,"NEP",-131.15512168828,"apapc"
2022-05-07 00:30:00,"GPP",0,"apapc"
2022-05-07 00:30:00,"ER",-131.15512168828,"apapc"
2022-05-07 00:30:00,"NEP",-131.15512168828,"apapc"
2022-05-07 01:30:00,"GPP",0,"apapc"
2022-05-07 01:30:00,"ER",-131.15512168828,"apapc"
2022-05-07 01:30:00,"NEP",-131.15512168828,"apapc"
2022-05-07 02:30:00,"GPP",0,"apapc"
2022-05-07 02:30:00,"ER",-131.15512168828,"apapc"
2022-05-07 02:30:00,"NEP",-131.15512168828,"apapc"
2022-05-07 03:30:00,"GPP",0,"apapc"
2022-05-07 03:30:00,"ER",-131.15512168828,"apapc"
2022-05-07 03:30:00,"NEP",-131.15512168828,"apapc"
2022-05-07 04:30:00,"GPP",0,"apapc"
2022-05-07 04:30:00,"ER",-131.15512168828,"apapc"
2022-05-07 04:30:00,"NEP",-131.15512168828,"apapc"
2022-05-07 05:30:00,"GPP",0,"apapc"
2022-05-07 05:30:00,"ER",-131.15512168828,"apapc"
2022-05-07 05:30:00,"NEP",-131.15512168828,"apapc"
2022-05-07 06:30:00,"GPP",177.477842631572,"apapc"
2022-05-07 06:30:00,"ER",-193.479592855121,"apapc"
2022-05-07 06:30:00,"NEP",-16.0017502235488,"apapc"
2022-05-07 07:30:00,"GPP",376.961693890401,"apapc"
2022-05-07 07:30:00,"ER",-193.479592855121,"apapc"
2022-05-07 07:30:00,"NEP",183.48210103528,"apapc"
2022-05-07 08:30:00,"GPP",777.78982767703,"apapc"
2022-05-07 08:30:00,"ER",-193.479592855121,"apapc"
2022-05-07 08:30:00,"NEP",584.310234821909,"apapc"
2022-05-07 09:30:00,"GPP",582.88478867415,"apapc"
2022-05-07 09:30:00,"ER",-193.479592855121,"apapc"
2022-05-07 09:30:00,"NEP",389.405195819029,"apapc"
2022-05-07 10:30:00,"GPP",589.387294422008,"apapc"
2022-05-07 10:30:00,"ER",-193.479592855121,"apapc"
2022-05-07 10:30:00,"NEP",395.907701566887,"apapc"
2022-05-07 11:30:00,"GPP",400.930196451467,"apapc"
2022-05-07 11:30:00,"ER",-193.479592855121,"apapc"
2022-05-07 11:30:00,"NEP",207.450603596347,"apapc"
2022-05-07 12:30:00,"GPP",4.27817561412866,"apapc"
2022-05-07 12:30:00,"ER",-193.479592855121,"apapc"
2022-05-07 12:30:00,"NEP",-189.201417240992,"apapc"
2022-05-07 13:30:00,"GPP",406.21970431696,"apapc"
2022-05-07 13:30:00,"ER",-193.479592855121,"apapc"
2022-05-07 13:30:00,"NEP",212.740111461839,"apapc"
2022-05-07 14:30:00,"GPP",832.500053523435,"apapc"
2022-05-07 14:30:00,"ER",-193.479592855121,"apapc"
2022-05-07 14:30:00,"NEP",639.020460668314,"apapc"
2022-05-07 15:30:00,"GPP",1486.13962773406,"apapc"
2022-05-07 15:30:00,"ER",-193.479592855121,"apapc"
2022-05-07 15:30:00,"NEP",1292.66003487894,"apapc"
2022-05-07 16:30:00,"GPP",318.261083383782,"apapc"
2022-05-07 16:30:00,"ER",-193.479592855121,"apapc"
2022-05-07 16:30:00,"NEP",124.781490528661,"apapc"
2022-05-07 17:30:00,"GPP",96.5450236616201,"apapc"
2022-05-07 17:30:00,"ER",-193.479592855121,"apapc"
2022-05-07 17:30:00,"NEP",-96.9345691935006,"apapc"
2022-05-07 18:30:00,"GPP",61.5351441518782,"apapc"
2022-05-07 18:30:00,"ER",-193.479592855121,"apapc"
2022-05-07 18:30:00,"NEP",-131.944448703243,"apapc"
2022-05-07 19:30:00,"GPP",0,"apapc"
2022-05-07 19:30:00,"ER",-193.479592855121,"apapc"
2022-05-07 19:30:00,"NEP",-193.479592855121,"apapc"
2022-05-07 20:30:00,"GPP",0,"apapc"
2022-05-07 20:30:00,"ER",-193.479592855121,"apapc"
2022-05-07 20:30:00,"NEP",-193.479592855121,"apapc"
2022-05-07 21:30:00,"GPP",0,"apapc"
2022-05-07 21:30:00,"ER",-193.479592855121,"apapc"
2022-05-07 21:30:00,"NEP",-193.479592855121,"apapc"
2022-05-07 22:30:00,"GPP",0,"apapc"
2022-05-07 22:30:00,"ER",-193.479592855121,"apapc"
2022-05-07 22:30:00,"NEP",-193.479592855121,"apapc"
2022-05-07 23:30:00,"GPP",0,"apapc"
2022-05-07 23:30:00,"ER",-193.479592855121,"apapc"
2022-05-07 23:30:00,"NEP",-193.479592855121,"apapc"
2022-05-08 00:30:00,"GPP",0,"apapc"
2022-05-08 00:30:00,"ER",-193.479592855121,"apapc"
2022-05-08 00:30:00,"NEP",-193.479592855121,"apapc"
2022-05-08 01:30:00,"GPP",0,"apapc"
2022-05-08 01:30:00,"ER",-193.479592855121,"apapc"
2022-05-08 01:30:00,"NEP",-193.479592855121,"apapc"
2022-05-08 02:30:00,"GPP",0,"apapc"
2022-05-08 02:30:00,"ER",-193.479592855121,"apapc"
2022-05-08 02:30:00,"NEP",-193.479592855121,"apapc"
2022-05-08 03:30:00,"GPP",0,"apapc"
2022-05-08 03:30:00,"ER",-193.479592855121,"apapc"
2022-05-08 03:30:00,"NEP",-193.479592855121,"apapc"
2022-05-08 04:30:00,"GPP",0,"apapc"
2022-05-08 04:30:00,"ER",-193.479592855121,"apapc"
2022-05-08 04:30:00,"NEP",-193.479592855121,"apapc"
2022-05-08 05:30:00,"GPP",0,"apapc"
2022-05-08 05:30:00,"ER",-193.479592855121,"apapc"
2022-05-08 05:30:00,"NEP",-193.479592855121,"apapc"
2022-05-08 06:30:00,"GPP",447.394196758251,"apapc"
2022-05-08 06:30:00,"ER",-250.517236844434,"apapc"
2022-05-08 06:30:00,"NEP",196.876959913818,"apapc"
2022-05-08 07:30:00,"GPP",246.955888682444,"apapc"
2022-05-08 07:30:00,"ER",-250.517236844434,"apapc"
2022-05-08 07:30:00,"NEP",-3.56134816199005,"apapc"
2022-05-08 08:30:00,"GPP",246.852598929088,"apapc"
2022-05-08 08:30:00,"ER",-250.517236844434,"apapc"
2022-05-08 08:30:00,"NEP",-3.66463791534534,"apapc"
2022-05-08 09:30:00,"GPP",648.984299690661,"apapc"
2022-05-08 09:30:00,"ER",-250.517236844434,"apapc"
2022-05-08 09:30:00,"NEP",398.467062846228,"apapc"
2022-05-08 10:30:00,"GPP",651.097253896315,"apapc"
2022-05-08 10:30:00,"ER",-250.517236844434,"apapc"
2022-05-08 10:30:00,"NEP",400.580017051882,"apapc"
2022-05-08 11:30:00,"GPP",-549.8462166962,"apapc"
2022-05-08 11:30:00,"ER",-250.517236844434,"apapc"
2022-05-08 11:30:00,"NEP",-800.363453540634,"apapc"
2022-05-08 12:30:00,"GPP",849.700889383051,"apapc"
2022-05-08 12:30:00,"ER",-250.517236844434,"apapc"
2022-05-08 12:30:00,"NEP",599.183652538618,"apapc"
2022-05-08 13:30:00,"GPP",-751.321227360267,"apapc"
2022-05-08 13:30:00,"ER",-250.517236844434,"apapc"
2022-05-08 13:30:00,"NEP",-1001.8384642047,"apapc"
2022-05-08 14:30:00,"GPP",243.524312921663,"apapc"
2022-05-08 14:30:00,"ER",-250.517236844434,"apapc"
2022-05-08 14:30:00,"NEP",-6.99292392277027,"apapc"
2022-05-08 15:30:00,"GPP",-1366.93986181764,"apapc"
2022-05-08 15:30:00,"ER",-250.517236844434,"apapc"
2022-05-08 15:30:00,"NEP",-1617.45709866207,"apapc"
2022-05-08 16:30:00,"GPP",3842.38923158638,"apapc"
2022-05-08 16:30:00,"ER",-250.517236844434,"apapc"
2022-05-08 16:30:00,"NEP",3591.87199474194,"apapc"
2022-05-08 17:30:00,"GPP",477.526498444296,"apapc"
2022-05-08 17:30:00,"ER",-250.517236844434,"apapc"
2022-05-08 17:30:00,"NEP",227.009261599862,"apapc"
2022-05-08 18:30:00,"GPP",1486.44658606704,"apapc"
2022-05-08 18:30:00,"ER",-250.517236844434,"apapc"
2022-05-08 18:30:00,"NEP",1235.92934922261,"apapc"
2022-05-08 19:30:00,"GPP",0,"apapc"
2022-05-08 19:30:00,"ER",-250.517236844434,"apapc"
2022-05-08 19:30:00,"NEP",-250.517236844434,"apapc"
2022-05-08 20:30:00,"GPP",0,"apapc"
2022-05-08 20:30:00,"ER",-250.517236844434,"apapc"
2022-05-08 20:30:00,"NEP",-250.517236844434,"apapc"
2022-05-08 21:30:00,"GPP",0,"apapc"
2022-05-08 21:30:00,"ER",-250.517236844434,"apapc"
2022-05-08 21:30:00,"NEP",-250.517236844434,"apapc"
2022-05-08 22:30:00,"GPP",0,"apapc"
2022-05-08 22:30:00,"ER",-250.517236844434,"apapc"
2022-05-08 22:30:00,"NEP",-250.517236844434,"apapc"
2022-05-08 23:30:00,"GPP",0,"apapc"
2022-05-08 23:30:00,"ER",-250.517236844434,"apapc"
2022-05-08 23:30:00,"NEP",-250.517236844434,"apapc"
2022-05-09 00:30:00,"GPP",0,"apapc"
2022-05-09 00:30:00,"ER",-250.517236844434,"apapc"
2022-05-09 00:30:00,"NEP",-250.517236844434,"apapc"
2022-05-09 01:30:00,"GPP",0,"apapc"
2022-05-09 01:30:00,"ER",-250.517236844434,"apapc"
2022-05-09 01:30:00,"NEP",-250.517236844434,"apapc"
2022-05-09 02:30:00,"GPP",0,"apapc"
2022-05-09 02:30:00,"ER",-250.517236844434,"apapc"
2022-05-09 02:30:00,"NEP",-250.517236844434,"apapc"
2022-05-09 03:30:00,"GPP",0,"apapc"
2022-05-09 03:30:00,"ER",-250.517236844434,"apapc"
2022-05-09 03:30:00,"NEP",-250.517236844434,"apapc"
2022-05-09 04:30:00,"GPP",0,"apapc"
2022-05-09 04:30:00,"ER",-250.517236844434,"apapc"
2022-05-09 04:30:00,"NEP",-250.517236844434,"apapc"
2022-05-09 05:30:00,"GPP",0,"apapc"
2022-05-09 05:30:00,"ER",-250.517236844434,"apapc"
2022-05-09 05:30:00,"NEP",-250.517236844434,"apapc"
2022-05-09 06:30:00,"GPP",-13.4388410793063,"apapc"
2022-05-09 06:30:00,"ER",-197.097435422116,"apapc"
2022-05-09 06:30:00,"NEP",-210.536276501423,"apapc"
2022-05-09 07:30:00,"GPP",382.331800522814,"apapc"
2022-05-09 07:30:00,"ER",-197.097435422116,"apapc"
2022-05-09 07:30:00,"NEP",185.234365100698,"apapc"
2022-05-09 08:30:00,"GPP",381.993565599598,"apapc"
2022-05-09 08:30:00,"ER",-197.097435422116,"apapc"
2022-05-09 08:30:00,"NEP",184.896130177482,"apapc"
2022-05-09 09:30:00,"GPP",587.073835978434,"apapc"
2022-05-09 09:30:00,"ER",-197.097435422116,"apapc"
2022-05-09 09:30:00,"NEP",389.976400556318,"apapc"
2022-05-09 10:30:00,"GPP",800.851189247977,"apapc"
2022-05-09 10:30:00,"ER",-197.097435422116,"apapc"
2022-05-09 10:30:00,"NEP",603.753753825861,"apapc"
2022-05-09 11:30:00,"GPP",813.125681377282,"apapc"
2022-05-09 11:30:00,"ER",-197.097435422116,"apapc"
2022-05-09 11:30:00,"NEP",616.028245955166,"apapc"
2022-05-09 12:30:00,"GPP",621.450705676776,"apapc"
2022-05-09 12:30:00,"ER",-197.097435422116,"apapc"
2022-05-09 12:30:00,"NEP",424.353270254659,"apapc"
2022-05-09 13:30:00,"GPP",631.846998408876,"apapc"
2022-05-09 13:30:00,"ER",-197.097435422116,"apapc"
2022-05-09 13:30:00,"NEP",434.74956298676,"apapc"
2022-05-09 14:30:00,"GPP",443.386544020995,"apapc"
2022-05-09 14:30:00,"ER",-197.097435422116,"apapc"
2022-05-09 14:30:00,"NEP",246.289108598878,"apapc"
2022-05-09 15:30:00,"GPP",240.138650085537,"apapc"
2022-05-09 15:30:00,"ER",-197.097435422116,"apapc"
2022-05-09 15:30:00,"NEP",43.0412146634204,"apapc"
2022-05-09 16:30:00,"GPP",233.925423475846,"apapc"
2022-05-09 16:30:00,"ER",-197.097435422116,"apapc"
2022-05-09 16:30:00,"NEP",36.8279880537292,"apapc"
2022-05-09 17:30:00,"GPP",222.63755370745,"apapc"
2022-05-09 17:30:00,"ER",-197.097435422116,"apapc"
2022-05-09 17:30:00,"NEP",25.5401182853337,"apapc"
2022-05-09 18:30:00,"GPP",7.02390145486005,"apapc"
2022-05-09 18:30:00,"ER",-197.097435422116,"apapc"
2022-05-09 18:30:00,"NEP",-190.073533967256,"apapc"
2022-05-09 19:30:00,"GPP",0,"apapc"
2022-05-09 19:30:00,"ER",-197.097435422116,"apapc"
2022-05-09 19:30:00,"NEP",-197.097435422116,"apapc"
2022-05-09 20:30:00,"GPP",0,"apapc"
2022-05-09 20:30:00,"ER",-197.097435422116,"apapc"
2022-05-09 20:30:00,"NEP",-197.097435422116,"apapc"
2022-05-09 21:30:00,"GPP",0,"apapc"
2022-05-09 21:30:00,"ER",-197.097435422116,"apapc"
2022-05-09 21:30:00,"NEP",-197.097435422116,"apapc"
2022-05-09 22:30:00,"GPP",0,"apapc"
2022-05-09 22:30:00,"ER",-197.097435422116,"apapc"
2022-05-09 22:30:00,"NEP",-197.097435422116,"apapc"
2022-05-09 23:30:00,"GPP",0,"apapc"
2022-05-09 23:30:00,"ER",-197.097435422116,"apapc"
2022-05-09 23:30:00,"NEP",-197.097435422116,"apapc"
2022-05-10 00:30:00,"GPP",0,"apapc"
2022-05-10 00:30:00,"ER",-197.097435422116,"apapc"
2022-05-10 00:30:00,"NEP",-197.097435422116,"apapc"
2022-05-10 01:30:00,"GPP",0,"apapc"
2022-05-10 01:30:00,"ER",-197.097435422116,"apapc"
2022-05-10 01:30:00,"NEP",-197.097435422116,"apapc"
2022-05-10 02:30:00,"GPP",0,"apapc"
2022-05-10 02:30:00,"ER",-197.097435422116,"apapc"
2022-05-10 02:30:00,"NEP",-197.097435422116,"apapc"
2022-05-10 03:30:00,"GPP",0,"apapc"
2022-05-10 03:30:00,"ER",-197.097435422116,"apapc"
2022-05-10 03:30:00,"NEP",-197.097435422116,"apapc"
2022-05-10 04:30:00,"GPP",0,"apapc"
2022-05-10 04:30:00,"ER",-197.097435422116,"apapc"
2022-05-10 04:30:00,"NEP",-197.097435422116,"apapc"
2022-05-10 05:30:00,"GPP",0,"apapc"
2022-05-10 05:30:00,"ER",-197.097435422116,"apapc"
2022-05-10 05:30:00,"NEP",-197.097435422116,"apapc"
2022-05-10 06:30:00,"GPP",13.2185740734835,"apapc"
2022-05-10 06:30:00,"ER",-15.6432741558794,"apapc"
2022-05-10 06:30:00,"NEP",-2.42470008239592,"apapc"
2022-05-10 07:30:00,"GPP",10.9921451633908,"apapc"
2022-05-10 07:30:00,"ER",-15.6432741558794,"apapc"
2022-05-10 07:30:00,"NEP",-4.65112899248859,"apapc"
2022-05-10 08:30:00,"GPP",409.439619291992,"apapc"
2022-05-10 08:30:00,"ER",-15.6432741558794,"apapc"
2022-05-10 08:30:00,"NEP",393.796345136113,"apapc"
2022-05-10 09:30:00,"GPP",211.22556806443,"apapc"
2022-05-10 09:30:00,"ER",-15.6432741558794,"apapc"
2022-05-10 09:30:00,"NEP",195.582293908551,"apapc"
2022-05-10 10:30:00,"GPP",414.713481900779,"apapc"
2022-05-10 10:30:00,"ER",-15.6432741558794,"apapc"
2022-05-10 10:30:00,"NEP",399.070207744899,"apapc"
2022-05-10 11:30:00,"GPP",825.126942467419,"apapc"
2022-05-10 11:30:00,"ER",-15.6432741558794,"apapc"
2022-05-10 11:30:00,"NEP",809.483668311539,"apapc"
2022-05-10 12:30:00,"GPP",839.110695294982,"apapc"
2022-05-10 12:30:00,"ER",-15.6432741558794,"apapc"
2022-05-10 12:30:00,"NEP",823.467421139102,"apapc"
2022-05-10 13:30:00,"GPP",45.4394752897937,"apapc"
2022-05-10 13:30:00,"ER",-15.6432741558794,"apapc"
2022-05-10 13:30:00,"NEP",29.7962011339142,"apapc"
2022-05-10 14:30:00,"GPP",-364.82108460927,"apapc"
2022-05-10 14:30:00,"ER",-15.6432741558794,"apapc"
2022-05-10 14:30:00,"NEP",-380.464358765149,"apapc"
2022-05-10 15:30:00,"GPP",-1179.24950734615,"apapc"
2022-05-10 15:30:00,"ER",-15.6432741558794,"apapc"
2022-05-10 15:30:00,"NEP",-1194.89278150203,"apapc"
2022-05-10 16:30:00,"GPP",-583.682745839389,"apapc"
2022-05-10 16:30:00,"ER",-15.6432741558794,"apapc"
2022-05-10 16:30:00,"NEP",-599.326019995269,"apapc"
2022-05-10 17:30:00,"GPP",-1593.86459977377,"apapc"
2022-05-10 17:30:00,"ER",-15.6432741558794,"apapc"
2022-05-10 17:30:00,"NEP",-1609.50787392965,"apapc"
2022-05-10 18:30:00,"GPP",3214.35274479456,"apapc"
2022-05-10 18:30:00,"ER",-15.6432741558794,"apapc"
2022-05-10 18:30:00,"NEP",3198.70947063868,"apapc"
2022-05-10 19:30:00,"GPP",0,"apapc"
2022-05-10 19:30:00,"ER",-15.6432741558794,"apapc"
2022-05-10 19:30:00,"NEP",-15.6432741558794,"apapc"
2022-05-10 20:30:00,"GPP",0,"apapc"
2022-05-10 20:30:00,"ER",-15.6432741558794,"apapc"
2022-05-10 20:30:00,"NEP",-15.6432741558794,"apapc"
2022-05-10 21:30:00,"GPP",0,"apapc"
2022-05-10 21:30:00,"ER",-15.6432741558794,"apapc"
2022-05-10 21:30:00,"NEP",-15.6432741558794,"apapc"
2022-05-10 22:30:00,"GPP",0,"apapc"
2022-05-10 22:30:00,"ER",-15.6432741558794,"apapc"
2022-05-10 22:30:00,"NEP",-15.6432741558794,"apapc"
2022-05-10 23:30:00,"GPP",0,"apapc"
2022-05-10 23:30:00,"ER",-15.6432741558794,"apapc"
2022-05-10 23:30:00,"NEP",-15.6432741558794,"apapc"
2022-05-11 00:30:00,"GPP",0,"apapc"
2022-05-11 00:30:00,"ER",-15.6432741558794,"apapc"
2022-05-11 00:30:00,"NEP",-15.6432741558794,"apapc"
2022-05-11 01:30:00,"GPP",0,"apapc"
2022-05-11 01:30:00,"ER",-15.6432741558794,"apapc"
2022-05-11 01:30:00,"NEP",-15.6432741558794,"apapc"
2022-05-11 02:30:00,"GPP",0,"apapc"
2022-05-11 02:30:00,"ER",-15.6432741558794,"apapc"
2022-05-11 02:30:00,"NEP",-15.6432741558794,"apapc"
2022-05-11 03:30:00,"GPP",0,"apapc"
2022-05-11 03:30:00,"ER",-15.6432741558794,"apapc"
2022-05-11 03:30:00,"NEP",-15.6432741558794,"apapc"
2022-05-11 04:30:00,"GPP",0,"apapc"
2022-05-11 04:30:00,"ER",-15.6432741558794,"apapc"
2022-05-11 04:30:00,"NEP",-15.6432741558794,"apapc"
2022-05-11 05:30:00,"GPP",0,"apapc"
2022-05-11 05:30:00,"ER",-15.6432741558794,"apapc"
2022-05-11 05:30:00,"NEP",-15.6432741558794,"apapc"
2022-05-11 06:30:00,"GPP",233.815702633048,"apapc"
2022-05-11 06:30:00,"ER",-32.5031535124545,"apapc"
2022-05-11 06:30:00,"NEP",201.312549120594,"apapc"
2022-05-11 07:30:00,"GPP",-366.012287075872,"apapc"
2022-05-11 07:30:00,"ER",-32.5031535124545,"apapc"
2022-05-11 07:30:00,"NEP",-398.515440588326,"apapc"
2022-05-11 08:30:00,"GPP",33.3982454851384,"apapc"
2022-05-11 08:30:00,"ER",-32.5031535124545,"apapc"
2022-05-11 08:30:00,"NEP",0.8950919726839,"apapc"
2022-05-11 09:30:00,"GPP",435.170184533674,"apapc"
2022-05-11 09:30:00,"ER",-32.5031535124545,"apapc"
2022-05-11 09:30:00,"NEP",402.66703102122,"apapc"
2022-05-11 10:30:00,"GPP",239.350519685154,"apapc"
2022-05-11 10:30:00,"ER",-32.5031535124545,"apapc"
2022-05-11 10:30:00,"NEP",206.847366172699,"apapc"
2022-05-11 11:30:00,"GPP",-762.133031572856,"apapc"
2022-05-11 11:30:00,"ER",-32.5031535124545,"apapc"
2022-05-11 11:30:00,"NEP",-794.63618508531,"apapc"
2022-05-11 12:30:00,"GPP",1440.70548035926,"apapc"
2022-05-11 12:30:00,"ER",-32.5031535124545,"apapc"
2022-05-11 12:30:00,"NEP",1408.20232684681,"apapc"
2022-05-11 13:30:00,"GPP",40.5263001423393,"apapc"
2022-05-11 13:30:00,"ER",-32.5031535124545,"apapc"
2022-05-11 13:30:00,"NEP",8.02314662988478,"apapc"
2022-05-11 14:30:00,"GPP",-561.282072411248,"apapc"
2022-05-11 14:30:00,"ER",-32.5031535124545,"apapc"
2022-05-11 14:30:00,"NEP",-593.785225923703,"apapc"
2022-05-11 15:30:00,"GPP",-560.610949358666,"apapc"
2022-05-11 15:30:00,"ER",-32.5031535124545,"apapc"
2022-05-11 15:30:00,"NEP",-593.114102871121,"apapc"
2022-05-11 16:30:00,"GPP",-163.244758990278,"apapc"
2022-05-11 16:30:00,"ER",-32.5031535124545,"apapc"
2022-05-11 16:30:00,"NEP",-195.747912502733,"apapc"
2022-05-11 17:30:00,"GPP",2041.04444645869,"apapc"
2022-05-11 17:30:00,"ER",-32.5031535124545,"apapc"
2022-05-11 17:30:00,"NEP",2008.54129294624,"apapc"
2022-05-11 18:30:00,"GPP",-760.354403054593,"apapc"
2022-05-11 18:30:00,"ER",-32.5031535124545,"apapc"
2022-05-11 18:30:00,"NEP",-792.857556567047,"apapc"
2022-05-11 19:30:00,"GPP",0,"apapc"
2022-05-11 19:30:00,"ER",-32.5031535124545,"apapc"
2022-05-11 19:30:00,"NEP",-32.5031535124545,"apapc"
2022-05-11 20:30:00,"GPP",0,"apapc"
2022-05-11 20:30:00,"ER",-32.5031535124545,"apapc"
2022-05-11 20:30:00,"NEP",-32.5031535124545,"apapc"
2022-05-11 21:30:00,"GPP",0,"apapc"
2022-05-11 21:30:00,"ER",-32.5031535124545,"apapc"
2022-05-11 21:30:00,"NEP",-32.5031535124545,"apapc"
2022-05-11 22:30:00,"GPP",0,"apapc"
2022-05-11 22:30:00,"ER",-32.5031535124545,"apapc"
2022-05-11 22:30:00,"NEP",-32.5031535124545,"apapc"
2022-05-11 23:30:00,"GPP",0,"apapc"
2022-05-11 23:30:00,"ER",-32.5031535124545,"apapc"
2022-05-11 23:30:00,"NEP",-32.5031535124545,"apapc"
2022-05-12 00:30:00,"GPP",0,"apapc"
2022-05-12 00:30:00,"ER",-32.5031535124545,"apapc"
2022-05-12 00:30:00,"NEP",-32.5031535124545,"apapc"
2022-05-12 01:30:00,"GPP",0,"apapc"
2022-05-12 01:30:00,"ER",-32.5031535124545,"apapc"
2022-05-12 01:30:00,"NEP",-32.5031535124545,"apapc"
2022-05-12 02:30:00,"GPP",0,"apapc"
2022-05-12 02:30:00,"ER",-32.5031535124545,"apapc"
2022-05-12 02:30:00,"NEP",-32.5031535124545,"apapc"
2022-05-12 03:30:00,"GPP",0,"apapc"
2022-05-12 03:30:00,"ER",-32.5031535124545,"apapc"
2022-05-12 03:30:00,"NEP",-32.5031535124545,"apapc"
2022-05-12 04:30:00,"GPP",0,"apapc"
2022-05-12 04:30:00,"ER",-32.5031535124545,"apapc"
2022-05-12 04:30:00,"NEP",-32.5031535124545,"apapc"
2022-05-12 05:30:00,"GPP",0,"apapc"
2022-05-12 05:30:00,"ER",-32.5031535124545,"apapc"
2022-05-12 05:30:00,"NEP",-32.5031535124545,"apapc"
2022-05-12 06:30:00,"GPP",-148.68714093206,"apapc"
2022-05-12 06:30:00,"ER",-45.2370166194642,"apapc"
2022-05-12 06:30:00,"NEP",-193.924157551524,"apapc"
2022-05-12 07:30:00,"GPP",653.144763472952,"apapc"
2022-05-12 07:30:00,"ER",-45.2370166194642,"apapc"
2022-05-12 07:30:00,"NEP",607.907746853488,"apapc"
2022-05-12 08:30:00,"GPP",258.610662933077,"apapc"
2022-05-12 08:30:00,"ER",-45.2370166194642,"apapc"
2022-05-12 08:30:00,"NEP",213.373646313613,"apapc"
2022-05-12 09:30:00,"GPP",270.596648734257,"apapc"
2022-05-12 09:30:00,"ER",-45.2370166194642,"apapc"
2022-05-12 09:30:00,"NEP",225.359632114793,"apapc"
2022-05-12 10:30:00,"GPP",83.9161729992138,"apapc"
2022-05-12 10:30:00,"ER",-45.2370166194642,"apapc"
2022-05-12 10:30:00,"NEP",38.6791563797496,"apapc"
2022-05-12 11:30:00,"GPP",-118.834999262543,"apapc"
2022-05-12 11:30:00,"ER",-45.2370166194642,"apapc"
2022-05-12 11:30:00,"NEP",-164.072015882007,"apapc"
2022-05-12 12:30:00,"GPP",676.724184894575,"apapc"
2022-05-12 12:30:00,"ER",-45.2370166194642,"apapc"
2022-05-12 12:30:00,"NEP",631.487168275111,"apapc"
2022-05-12 13:30:00,"GPP",-127.103897089405,"apapc"
2022-05-12 13:30:00,"ER",-45.2370166194642,"apapc"
2022-05-12 13:30:00,"NEP",-172.340913708869,"apapc"
2022-05-12 14:30:00,"GPP",272.84616301593,"apapc"
2022-05-12 14:30:00,"ER",-45.2370166194642,"apapc"
2022-05-12 14:30:00,"NEP",227.609146396466,"apapc"
2022-05-12 15:30:00,"GPP",-335.580520153992,"apapc"
2022-05-12 15:30:00,"ER",-45.2370166194642,"apapc"
2022-05-12 15:30:00,"NEP",-380.817536773457,"apapc"
2022-05-12 16:30:00,"GPP",-1342.22260091433,"apapc"
2022-05-12 16:30:00,"ER",-45.2370166194642,"apapc"
2022-05-12 16:30:00,"NEP",-1387.45961753379,"apapc"
2022-05-12 17:30:00,"GPP",52.1102662630626,"apapc"
2022-05-12 17:30:00,"ER",-45.2370166194642,"apapc"
2022-05-12 17:30:00,"NEP",6.87324964359847,"apapc"
2022-05-12 18:30:00,"GPP",250.470490100546,"apapc"
2022-05-12 18:30:00,"ER",-45.2370166194642,"apapc"
2022-05-12 18:30:00,"NEP",205.233473481082,"apapc"
2022-05-12 19:30:00,"GPP",0,"apapc"
2022-05-12 19:30:00,"ER",-45.2370166194642,"apapc"
2022-05-12 19:30:00,"NEP",-45.2370166194642,"apapc"
2022-05-12 20:30:00,"GPP",0,"apapc"
2022-05-12 20:30:00,"ER",-45.2370166194642,"apapc"
2022-05-12 20:30:00,"NEP",-45.2370166194642,"apapc"
2022-05-12 21:30:00,"GPP",0,"apapc"
2022-05-12 21:30:00,"ER",-45.2370166194642,"apapc"
2022-05-12 21:30:00,"NEP",-45.2370166194642,"apapc"
2022-05-12 22:30:00,"GPP",0,"apapc"
2022-05-12 22:30:00,"ER",-45.2370166194642,"apapc"
2022-05-12 22:30:00,"NEP",-45.2370166194642,"apapc"
2022-05-12 23:30:00,"GPP",0,"apapc"
2022-05-12 23:30:00,"ER",-45.2370166194642,"apapc"
2022-05-12 23:30:00,"NEP",-45.2370166194642,"apapc"
2022-05-13 00:30:00,"GPP",0,"apapc"
2022-05-13 00:30:00,"ER",-45.2370166194642,"apapc"
2022-05-13 00:30:00,"NEP",-45.2370166194642,"apapc"
2022-05-13 01:30:00,"GPP",0,"apapc"
2022-05-13 01:30:00,"ER",-45.2370166194642,"apapc"
2022-05-13 01:30:00,"NEP",-45.2370166194642,"apapc"
2022-05-13 02:30:00,"GPP",0,"apapc"
2022-05-13 02:30:00,"ER",-45.2370166194642,"apapc"
2022-05-13 02:30:00,"NEP",-45.2370166194642,"apapc"
2022-05-13 03:30:00,"GPP",0,"apapc"
2022-05-13 03:30:00,"ER",-45.2370166194642,"apapc"
2022-05-13 03:30:00,"NEP",-45.2370166194642,"apapc"
2022-05-13 04:30:00,"GPP",0,"apapc"
2022-05-13 04:30:00,"ER",-45.2370166194642,"apapc"
2022-05-13 04:30:00,"NEP",-45.2370166194642,"apapc"
2022-05-13 05:30:00,"GPP",0,"apapc"
2022-05-13 05:30:00,"ER",-45.2370166194642,"apapc"
2022-05-13 05:30:00,"NEP",-45.2370166194642,"apapc"
2022-05-13 06:30:00,"GPP",762.889388870742,"apapc"
2022-05-13 06:30:00,"ER",-362.852387384919,"apapc"
2022-05-13 06:30:00,"NEP",400.037001485823,"apapc"
2022-05-13 07:30:00,"GPP",1363.69248898697,"apapc"
2022-05-13 07:30:00,"ER",-362.852387384919,"apapc"
2022-05-13 07:30:00,"NEP",1000.84010160205,"apapc"
2022-05-13 08:30:00,"GPP",-635.528670656734,"apapc"
2022-05-13 08:30:00,"ER",-362.852387384919,"apapc"
2022-05-13 08:30:00,"NEP",-998.381058041653,"apapc"
2022-05-13 09:30:00,"GPP",164.974241190717,"apapc"
2022-05-13 09:30:00,"ER",-362.852387384919,"apapc"
2022-05-13 09:30:00,"NEP",-197.878146194202,"apapc"
2022-05-13 10:30:00,"GPP",366.84051909685,"apapc"
2022-05-13 10:30:00,"ER",-362.852387384919,"apapc"
2022-05-13 10:30:00,"NEP",3.98813171193069,"apapc"
2022-05-13 11:30:00,"GPP",1166.78364392325,"apapc"
2022-05-13 11:30:00,"ER",-362.852387384919,"apapc"
2022-05-13 11:30:00,"NEP",803.931256538327,"apapc"
2022-05-13 12:30:00,"GPP",-1435.64438277263,"apapc"
2022-05-13 12:30:00,"ER",-362.852387384919,"apapc"
2022-05-13 12:30:00,"NEP",-1798.49677015755,"apapc"
2022-05-13 13:30:00,"GPP",1564.10020599145,"apapc"
2022-05-13 13:30:00,"ER",-362.852387384919,"apapc"
2022-05-13 13:30:00,"NEP",1201.24781860653,"apapc"
2022-05-13 14:30:00,"GPP",968.871205278373,"apapc"
2022-05-13 14:30:00,"ER",-362.852387384919,"apapc"
2022-05-13 14:30:00,"NEP",606.018817893454,"apapc"
2022-05-13 15:30:00,"GPP",-1229.74509946861,"apapc"
2022-05-13 15:30:00,"ER",-362.852387384919,"apapc"
2022-05-13 15:30:00,"NEP",-1592.59748685353,"apapc"
2022-05-13 16:30:00,"GPP",1168.42445552767,"apapc"
2022-05-13 16:30:00,"ER",-362.852387384919,"apapc"
2022-05-13 16:30:00,"NEP",805.572068142755,"apapc"
2022-05-13 17:30:00,"GPP",-3442.38209889295,"apapc"
2022-05-13 17:30:00,"ER",-362.852387384919,"apapc"
2022-05-13 17:30:00,"NEP",-3805.23448627787,"apapc"
2022-05-13 18:30:00,"GPP",6763.83036189884,"apapc"
2022-05-13 18:30:00,"ER",-362.852387384919,"apapc"
2022-05-13 18:30:00,"NEP",6400.97797451392,"apapc"
2022-05-13 19:30:00,"GPP",0,"apapc"
2022-05-13 19:30:00,"ER",-362.852387384919,"apapc"
2022-05-13 19:30:00,"NEP",-362.852387384919,"apapc"
2022-05-13 20:30:00,"GPP",0,"apapc"
2022-05-13 20:30:00,"ER",-362.852387384919,"apapc"
2022-05-13 20:30:00,"NEP",-362.852387384919,"apapc"
2022-05-13 21:30:00,"GPP",0,"apapc"
2022-05-13 21:30:00,"ER",-362.852387384919,"apapc"
2022-05-13 21:30:00,"NEP",-362.852387384919,"apapc"
2022-05-13 22:30:00,"GPP",0,"apapc"
2022-05-13 22:30:00,"ER",-362.852387384919,"apapc"
2022-05-13 22:30:00,"NEP",-362.852387384919,"apapc"
2022-05-13 23:30:00,"GPP",0,"apapc"
2022-05-13 23:30:00,"ER",-362.852387384919,"apapc"
2022-05-13 23:30:00,"NEP",-362.852387384919,"apapc"
2022-05-14 00:30:00,"GPP",0,"apapc"
2022-05-14 00:30:00,"ER",-362.852387384919,"apapc"
2022-05-14 00:30:00,"NEP",-362.852387384919,"apapc"
2022-05-14 01:30:00,"GPP",0,"apapc"
2022-05-14 01:30:00,"ER",-362.852387384919,"apapc"
2022-05-14 01:30:00,"NEP",-362.852387384919,"apapc"
2022-05-14 02:30:00,"GPP",0,"apapc"
2022-05-14 02:30:00,"ER",-362.852387384919,"apapc"
2022-05-14 02:30:00,"NEP",-362.852387384919,"apapc"
2022-05-14 03:30:00,"GPP",0,"apapc"
2022-05-14 03:30:00,"ER",-362.852387384919,"apapc"
2022-05-14 03:30:00,"NEP",-362.852387384919,"apapc"
2022-05-14 04:30:00,"GPP",0,"apapc"
2022-05-14 04:30:00,"ER",-362.852387384919,"apapc"
2022-05-14 04:30:00,"NEP",-362.852387384919,"apapc"
2022-05-14 05:30:00,"GPP",0,"apapc"
2022-05-14 05:30:00,"ER",-362.852387384919,"apapc"
2022-05-14 05:30:00,"NEP",-362.852387384919,"apapc"
2022-05-14 06:30:00,"GPP",716.115274560687,"apapc"
2022-05-14 06:30:00,"ER",-317.819963050857,"apapc"
2022-05-14 06:30:00,"NEP",398.29531150983,"apapc"
2022-05-14 07:30:00,"GPP",-1484.51257888473,"apapc"
2022-05-14 07:30:00,"ER",-317.819963050857,"apapc"
2022-05-14 07:30:00,"NEP",-1802.33254193558,"apapc"
2022-05-14 08:30:00,"GPP",1316.62947650284,"apapc"
2022-05-14 08:30:00,"ER",-317.819963050857,"apapc"
2022-05-14 08:30:00,"NEP",998.809513451986,"apapc"
2022-05-14 09:30:00,"GPP",1917.6095311283,"apapc"
2022-05-14 09:30:00,"ER",-317.819963050857,"apapc"
2022-05-14 09:30:00,"NEP",1599.78956807744,"apapc"
2022-05-14 10:30:00,"GPP",-1282.6346923576,"apapc"
2022-05-14 10:30:00,"ER",-317.819963050857,"apapc"
2022-05-14 10:30:00,"NEP",-1600.45465540845,"apapc"
2022-05-14 11:30:00,"GPP",711.672203893163,"apapc"
2022-05-14 11:30:00,"ER",-317.819963050857,"apapc"
2022-05-14 11:30:00,"NEP",393.852240842306,"apapc"
2022-05-14 12:30:00,"GPP",1719.68219389467,"apapc"
2022-05-14 12:30:00,"ER",-317.819963050857,"apapc"
2022-05-14 12:30:00,"NEP",1401.86223084381,"apapc"
2022-05-14 13:30:00,"GPP",727.078460697272,"apapc"
2022-05-14 13:30:00,"ER",-317.819963050857,"apapc"
2022-05-14 13:30:00,"NEP",409.258497646415,"apapc"
2022-05-14 14:30:00,"GPP",1136.09776908114,"apapc"
2022-05-14 14:30:00,"ER",-317.819963050857,"apapc"
2022-05-14 14:30:00,"NEP",818.277806030286,"apapc"
2022-05-14 15:30:00,"GPP",542.647022958545,"apapc"
2022-05-14 15:30:00,"ER",-317.819963050857,"apapc"
2022-05-14 15:30:00,"NEP",224.827059907688,"apapc"
2022-05-14 16:30:00,"GPP",345.998130058406,"apapc"
2022-05-14 16:30:00,"ER",-317.819963050857,"apapc"
2022-05-14 16:30:00,"NEP",28.1781670075495,"apapc"
2022-05-14 17:30:00,"GPP",545.825162067436,"apapc"
2022-05-14 17:30:00,"ER",-317.819963050857,"apapc"
2022-05-14 17:30:00,"NEP",228.005199016579,"apapc"
2022-05-14 18:30:00,"GPP",343.906120369462,"apapc"
2022-05-14 18:30:00,"ER",-317.819963050857,"apapc"
2022-05-14 18:30:00,"NEP",26.0861573186056,"apapc"
2022-05-14 19:30:00,"GPP",0,"apapc"
2022-05-14 19:30:00,"ER",-317.819963050857,"apapc"
2022-05-14 19:30:00,"NEP",-317.819963050857,"apapc"
2022-05-14 20:30:00,"GPP",0,"apapc"
2022-05-14 20:30:00,"ER",-317.819963050857,"apapc"
2022-05-14 20:30:00,"NEP",-317.819963050857,"apapc"
2022-05-14 21:30:00,"GPP",0,"apapc"
2022-05-14 21:30:00,"ER",-317.819963050857,"apapc"
2022-05-14 21:30:00,"NEP",-317.819963050857,"apapc"
2022-05-14 22:30:00,"GPP",0,"apapc"
2022-05-14 22:30:00,"ER",-317.819963050857,"apapc"
2022-05-14 22:30:00,"NEP",-317.819963050857,"apapc"
2022-05-14 23:30:00,"GPP",0,"apapc"
2022-05-14 23:30:00,"ER",-317.819963050857,"apapc"
2022-05-14 23:30:00,"NEP",-317.819963050857,"apapc"
2022-05-15 00:30:00,"GPP",0,"apapc"
2022-05-15 00:30:00,"ER",-317.819963050857,"apapc"
2022-05-15 00:30:00,"NEP",-317.819963050857,"apapc"
2022-05-15 01:30:00,"GPP",0,"apapc"
2022-05-15 01:30:00,"ER",-317.819963050857,"apapc"
2022-05-15 01:30:00,"NEP",-317.819963050857,"apapc"
2022-05-15 02:30:00,"GPP",0,"apapc"
2022-05-15 02:30:00,"ER",-317.819963050857,"apapc"
2022-05-15 02:30:00,"NEP",-317.819963050857,"apapc"
2022-05-15 03:30:00,"GPP",0,"apapc"
2022-05-15 03:30:00,"ER",-317.819963050857,"apapc"
2022-05-15 03:30:00,"NEP",-317.819963050857,"apapc"
2022-05-15 04:30:00,"GPP",0,"apapc"
2022-05-15 04:30:00,"ER",-317.819963050857,"apapc"
2022-05-15 04:30:00,"NEP",-317.819963050857,"apapc"
2022-05-15 05:30:00,"GPP",0,"apapc"
2022-05-15 05:30:00,"ER",-317.819963050857,"apapc"
2022-05-15 05:30:00,"NEP",-317.819963050857,"apapc"
2022-05-15 06:30:00,"GPP",-2387.58156926643,"apapc"
2022-05-15 06:30:00,"ER",-414.988737385551,"apapc"
2022-05-15 06:30:00,"NEP",-2802.57030665198,"apapc"
2022-05-15 07:30:00,"GPP",1411.56846838604,"apapc"
2022-05-15 07:30:00,"ER",-414.988737385551,"apapc"
2022-05-15 07:30:00,"NEP",996.579731000488,"apapc"
2022-05-15 08:30:00,"GPP",2412.42649072647,"apapc"
2022-05-15 08:30:00,"ER",-414.988737385551,"apapc"
2022-05-15 08:30:00,"NEP",1997.43775334092,"apapc"
2022-05-15 09:30:00,"GPP",1614.67769409161,"apapc"
2022-05-15 09:30:00,"ER",-414.988737385551,"apapc"
2022-05-15 09:30:00,"NEP",1199.68895670606,"apapc"
2022-05-15 10:30:00,"GPP",823.063475283007,"apapc"
2022-05-15 10:30:00,"ER",-414.988737385551,"apapc"
2022-05-15 10:30:00,"NEP",408.074737897456,"apapc"
2022-05-15 11:30:00,"GPP",-3792.93405758662,"apapc"
2022-05-15 11:30:00,"ER",-414.988737385551,"apapc"
2022-05-15 11:30:00,"NEP",-4207.92279497217,"apapc"
2022-05-15 12:30:00,"GPP",2201.10430688008,"apapc"
2022-05-15 12:30:00,"ER",-414.988737385551,"apapc"
2022-05-15 12:30:00,"NEP",1786.11556949453,"apapc"
2022-05-15 13:30:00,"GPP",2413.11207013513,"apapc"
2022-05-15 13:30:00,"ER",-414.988737385551,"apapc"
2022-05-15 13:30:00,"NEP",1998.12333274957,"apapc"
2022-05-15 14:30:00,"GPP",2441.0745751218,"apapc"
2022-05-15 14:30:00,"ER",-414.988737385551,"apapc"
2022-05-15 14:30:00,"NEP",2026.08583773625,"apapc"
2022-05-15 15:30:00,"GPP",41.7004767472559,"apapc"
2022-05-15 15:30:00,"ER",-414.988737385551,"apapc"
2022-05-15 15:30:00,"NEP",-373.288260638295,"apapc"
2022-05-15 16:30:00,"GPP",1649.52648017577,"apapc"
2022-05-15 16:30:00,"ER",-414.988737385551,"apapc"
2022-05-15 16:30:00,"NEP",1234.53774279022,"apapc"
2022-05-15 17:30:00,"GPP",1636.61339553593,"apapc"
2022-05-15 17:30:00,"ER",-414.988737385551,"apapc"
2022-05-15 17:30:00,"NEP",1221.62465815038,"apapc"
2022-05-15 18:30:00,"GPP",-1181.84189105991,"apapc"
2022-05-15 18:30:00,"ER",-414.988737385551,"apapc"
2022-05-15 18:30:00,"NEP",-1596.83062844546,"apapc"
2022-05-15 19:30:00,"GPP",0,"apapc"
2022-05-15 19:30:00,"ER",-414.988737385551,"apapc"
2022-05-15 19:30:00,"NEP",-414.988737385551,"apapc"
2022-05-15 20:30:00,"GPP",0,"apapc"
2022-05-15 20:30:00,"ER",-414.988737385551,"apapc"
2022-05-15 20:30:00,"NEP",-414.988737385551,"apapc"
2022-05-15 21:30:00,"GPP",0,"apapc"
2022-05-15 21:30:00,"ER",-414.988737385551,"apapc"
2022-05-15 21:30:00,"NEP",-414.988737385551,"apapc"
2022-05-15 22:30:00,"GPP",0,"apapc"
2022-05-15 22:30:00,"ER",-414.988737385551,"apapc"
2022-05-15 22:30:00,"NEP",-414.988737385551,"apapc"
2022-05-15 23:30:00,"GPP",0,"apapc"
2022-05-15 23:30:00,"ER",-414.988737385551,"apapc"
2022-05-15 23:30:00,"NEP",-414.988737385551,"apapc"
2022-05-16 00:30:00,"GPP",0,"apapc"
2022-05-16 00:30:00,"ER",-414.988737385551,"apapc"
2022-05-16 00:30:00,"NEP",-414.988737385551,"apapc"
2022-05-16 01:30:00,"GPP",0,"apapc"
2022-05-16 01:30:00,"ER",-414.988737385551,"apapc"
2022-05-16 01:30:00,"NEP",-414.988737385551,"apapc"
2022-05-16 02:30:00,"GPP",0,"apapc"
2022-05-16 02:30:00,"ER",-414.988737385551,"apapc"
2022-05-16 02:30:00,"NEP",-414.988737385551,"apapc"
2022-05-16 03:30:00,"GPP",0,"apapc"
2022-05-16 03:30:00,"ER",-414.988737385551,"apapc"
2022-05-16 03:30:00,"NEP",-414.988737385551,"apapc"
2022-05-16 04:30:00,"GPP",0,"apapc"
2022-05-16 04:30:00,"ER",-414.988737385551,"apapc"
2022-05-16 04:30:00,"NEP",-414.988737385551,"apapc"
2022-05-16 05:30:00,"GPP",0,"apapc"
2022-05-16 05:30:00,"ER",-414.988737385551,"apapc"
2022-05-16 05:30:00,"NEP",-414.988737385551,"apapc"
2022-05-16 06:30:00,"GPP",-139.086251033477,"apapc"
2022-05-16 06:30:00,"ER",-662.123771661998,"apapc"
2022-05-16 06:30:00,"NEP",-801.210022695475,"apapc"
2022-05-16 07:30:00,"GPP",255.622832060108,"apapc"
2022-05-16 07:30:00,"ER",-662.123771661998,"apapc"
2022-05-16 07:30:00,"NEP",-406.50093960189,"apapc"
2022-05-16 08:30:00,"GPP",1454.46355244861,"apapc"
2022-05-16 08:30:00,"ER",-662.123771661998,"apapc"
2022-05-16 08:30:00,"NEP",792.339780786609,"apapc"
2022-05-16 09:30:00,"GPP",2059.14280077808,"apapc"
2022-05-16 09:30:00,"ER",-662.123771661998,"apapc"
2022-05-16 09:30:00,"NEP",1397.01902911608,"apapc"
2022-05-16 10:30:00,"GPP",59.006560295011,"apapc"
2022-05-16 10:30:00,"ER",-662.123771661998,"apapc"
2022-05-16 10:30:00,"NEP",-603.117211366987,"apapc"
2022-05-16 11:30:00,"GPP",1458.3024021662,"apapc"
2022-05-16 11:30:00,"ER",-662.123771661998,"apapc"
2022-05-16 11:30:00,"NEP",796.178630504202,"apapc"
2022-05-16 12:30:00,"GPP",-1143.55097165605,"apapc"
2022-05-16 12:30:00,"ER",-662.123771661998,"apapc"
2022-05-16 12:30:00,"NEP",-1805.67474331805,"apapc"
2022-05-16 13:30:00,"GPP",1653.14483648932,"apapc"
2022-05-16 13:30:00,"ER",-662.123771661998,"apapc"
2022-05-16 13:30:00,"NEP",991.021064827324,"apapc"
2022-05-16 14:30:00,"GPP",1861.10502185177,"apapc"
2022-05-16 14:30:00,"ER",-662.123771661998,"apapc"
2022-05-16 14:30:00,"NEP",1198.98125018977,"apapc"
2022-05-16 15:30:00,"GPP",2283.25296829677,"apapc"
2022-05-16 15:30:00,"ER",-662.123771661998,"apapc"
2022-05-16 15:30:00,"NEP",1621.12919663477,"apapc"
2022-05-16 16:30:00,"GPP",897.05917047684,"apapc"
2022-05-16 16:30:00,"ER",-662.123771661998,"apapc"
2022-05-16 16:30:00,"NEP",234.935398814842,"apapc"
2022-05-16 17:30:00,"GPP",905.618107093558,"apapc"
2022-05-16 17:30:00,"ER",-662.123771661998,"apapc"
2022-05-16 17:30:00,"NEP",243.494335431561,"apapc"
2022-05-16 18:30:00,"GPP",728.788732878648,"apapc"
2022-05-16 18:30:00,"ER",-662.123771661998,"apapc"
2022-05-16 18:30:00,"NEP",66.66496121665,"apapc"
2022-05-16 19:30:00,"GPP",0,"apapc"
2022-05-16 19:30:00,"ER",-662.123771661998,"apapc"
2022-05-16 19:30:00,"NEP",-662.123771661998,"apapc"
2022-05-16 20:30:00,"GPP",0,"apapc"
2022-05-16 20:30:00,"ER",-662.123771661998,"apapc"
2022-05-16 20:30:00,"NEP",-662.123771661998,"apapc"
2022-05-16 21:30:00,"GPP",0,"apapc"
2022-05-16 21:30:00,"ER",-662.123771661998,"apapc"
2022-05-16 21:30:00,"NEP",-662.123771661998,"apapc"
2022-05-16 22:30:00,"GPP",0,"apapc"
2022-05-16 22:30:00,"ER",-662.123771661998,"apapc"
2022-05-16 22:30:00,"NEP",-662.123771661998,"apapc"
2022-05-16 23:30:00,"GPP",0,"apapc"
2022-05-16 23:30:00,"ER",-662.123771661998,"apapc"
2022-05-16 23:30:00,"NEP",-662.123771661998,"apapc"
2022-05-17 00:30:00,"GPP",0,"apapc"
2022-05-17 00:30:00,"ER",-662.123771661998,"apapc"
2022-05-17 00:30:00,"NEP",-662.123771661998,"apapc"
2022-05-17 01:30:00,"GPP",0,"apapc"
2022-05-17 01:30:00,"ER",-662.123771661998,"apapc"
2022-05-17 01:30:00,"NEP",-662.123771661998,"apapc"
2022-05-17 02:30:00,"GPP",0,"apapc"
2022-05-17 02:30:00,"ER",-662.123771661998,"apapc"
2022-05-17 02:30:00,"NEP",-662.123771661998,"apapc"
2022-05-17 03:30:00,"GPP",0,"apapc"
2022-05-17 03:30:00,"ER",-662.123771661998,"apapc"
2022-05-17 03:30:00,"NEP",-662.123771661998,"apapc"
2022-05-17 04:30:00,"GPP",0,"apapc"
2022-05-17 04:30:00,"ER",-662.123771661998,"apapc"
2022-05-17 04:30:00,"NEP",-662.123771661998,"apapc"
2022-05-17 05:30:00,"GPP",0,"apapc"
2022-05-17 05:30:00,"ER",-662.123771661998,"apapc"
2022-05-17 05:30:00,"NEP",-662.123771661998,"apapc"
2022-05-17 06:30:00,"GPP",1084.1433297688,"apapc"
2022-05-17 06:30:00,"ER",-306.782971117823,"apapc"
2022-05-17 06:30:00,"NEP",777.36035865098,"apapc"
2022-05-17 07:30:00,"GPP",-312.698367889076,"apapc"
2022-05-17 07:30:00,"ER",-306.782971117823,"apapc"
2022-05-17 07:30:00,"NEP",-619.481339006898,"apapc"
2022-05-17 08:30:00,"GPP",2298.05603179332,"apapc"
2022-05-17 08:30:00,"ER",-306.782971117823,"apapc"
2022-05-17 08:30:00,"NEP",1991.2730606755,"apapc"
2022-05-17 09:30:00,"GPP",904.243352893943,"apapc"
2022-05-17 09:30:00,"ER",-306.782971117823,"apapc"
2022-05-17 09:30:00,"NEP",597.46038177612,"apapc"
2022-05-17 10:30:00,"GPP",1301.21359044484,"apapc"
2022-05-17 10:30:00,"ER",-306.782971117823,"apapc"
2022-05-17 10:30:00,"NEP",994.430619327015,"apapc"
2022-05-17 11:30:00,"GPP",2105.91104034507,"apapc"
2022-05-17 11:30:00,"ER",-306.782971117823,"apapc"
2022-05-17 11:30:00,"NEP",1799.12806922724,"apapc"
2022-05-17 12:30:00,"GPP",-3096.73658776424,"apapc"
2022-05-17 12:30:00,"ER",-306.782971117823,"apapc"
2022-05-17 12:30:00,"NEP",-3403.51955888206,"apapc"
2022-05-17 13:30:00,"GPP",-103.995404794739,"apapc"
2022-05-17 13:30:00,"ER",-306.782971117823,"apapc"
2022-05-17 13:30:00,"NEP",-410.778375912561,"apapc"
2022-05-17 14:30:00,"GPP",3299.55089809718,"apapc"
2022-05-17 14:30:00,"ER",-306.782971117823,"apapc"
2022-05-17 14:30:00,"NEP",2992.76792697936,"apapc"
2022-05-17 15:30:00,"GPP",1111.57422763541,"apapc"
2022-05-17 15:30:00,"ER",-306.782971117823,"apapc"
2022-05-17 15:30:00,"NEP",804.791256517584,"apapc"
2022-05-17 16:30:00,"GPP",514.818543137474,"apapc"
2022-05-17 16:30:00,"ER",-306.782971117823,"apapc"
2022-05-17 16:30:00,"NEP",208.035572019651,"apapc"
2022-05-17 17:30:00,"GPP",-92.6515596791842,"apapc"
2022-05-17 17:30:00,"ER",-306.782971117823,"apapc"
2022-05-17 17:30:00,"NEP",-399.434530797007,"apapc"
2022-05-17 18:30:00,"GPP",708.603112431133,"apapc"
2022-05-17 18:30:00,"ER",-306.782971117823,"apapc"
2022-05-17 18:30:00,"NEP",401.82014131331,"apapc"
2022-05-17 19:30:00,"GPP",0,"apapc"
2022-05-17 19:30:00,"ER",-306.782971117823,"apapc"
2022-05-17 19:30:00,"NEP",-306.782971117823,"apapc"
2022-05-17 20:30:00,"GPP",0,"apapc"
2022-05-17 20:30:00,"ER",-306.782971117823,"apapc"
2022-05-17 20:30:00,"NEP",-306.782971117823,"apapc"
2022-05-17 21:30:00,"GPP",0,"apapc"
2022-05-17 21:30:00,"ER",-306.782971117823,"apapc"
2022-05-17 21:30:00,"NEP",-306.782971117823,"apapc"
2022-05-17 22:30:00,"GPP",0,"apapc"
2022-05-17 22:30:00,"ER",-306.782971117823,"apapc"
2022-05-17 22:30:00,"NEP",-306.782971117823,"apapc"
2022-05-17 23:30:00,"GPP",0,"apapc"
2022-05-17 23:30:00,"ER",-306.782971117823,"apapc"
2022-05-17 23:30:00,"NEP",-306.782971117823,"apapc"
2022-05-18 00:30:00,"GPP",0,"apapc"
2022-05-18 00:30:00,"ER",-306.782971117823,"apapc"
2022-05-18 00:30:00,"NEP",-306.782971117823,"apapc"
2022-05-18 01:30:00,"GPP",0,"apapc"
2022-05-18 01:30:00,"ER",-306.782971117823,"apapc"
2022-05-18 01:30:00,"NEP",-306.782971117823,"apapc"
2022-05-18 02:30:00,"GPP",0,"apapc"
2022-05-18 02:30:00,"ER",-306.782971117823,"apapc"
2022-05-18 02:30:00,"NEP",-306.782971117823,"apapc"
2022-05-18 03:30:00,"GPP",0,"apapc"
2022-05-18 03:30:00,"ER",-306.782971117823,"apapc"
2022-05-18 03:30:00,"NEP",-306.782971117823,"apapc"
2022-05-18 04:30:00,"GPP",0,"apapc"
2022-05-18 04:30:00,"ER",-306.782971117823,"apapc"
2022-05-18 04:30:00,"NEP",-306.782971117823,"apapc"
2022-05-18 05:30:00,"GPP",0,"apapc"
2022-05-18 05:30:00,"ER",-306.782971117823,"apapc"
2022-05-18 05:30:00,"NEP",-306.782971117823,"apapc"
2022-05-18 06:30:00,"GPP",1310.32005788751,"apapc"
2022-05-18 06:30:00,"ER",-320.890544477875,"apapc"
2022-05-18 06:30:00,"NEP",989.429513409635,"apapc"
2022-05-18 07:30:00,"GPP",518.141171338952,"apapc"
2022-05-18 07:30:00,"ER",-320.890544477875,"apapc"
2022-05-18 07:30:00,"NEP",197.250626861077,"apapc"
2022-05-18 08:30:00,"GPP",-1479.37528917523,"apapc"
2022-05-18 08:30:00,"ER",-320.890544477875,"apapc"
2022-05-18 08:30:00,"NEP",-1800.2658336531,"apapc"
2022-05-18 09:30:00,"GPP",718.102358940698,"apapc"
2022-05-18 09:30:00,"ER",-320.890544477875,"apapc"
2022-05-18 09:30:00,"NEP",397.211814462823,"apapc"
2022-05-18 10:30:00,"GPP",1908.66178276633,"apapc"
2022-05-18 10:30:00,"ER",-320.890544477875,"apapc"
2022-05-18 10:30:00,"NEP",1587.77123828845,"apapc"
2022-05-18 11:30:00,"GPP",710.387808721424,"apapc"
2022-05-18 11:30:00,"ER",-320.890544477875,"apapc"
2022-05-18 11:30:00,"NEP",389.49726424355,"apapc"
2022-05-18 12:30:00,"GPP",513.635741054873,"apapc"
2022-05-18 12:30:00,"ER",-320.890544477875,"apapc"
2022-05-18 12:30:00,"NEP",192.745196576998,"apapc"
2022-05-18 13:30:00,"GPP",-1494.44764319698,"apapc"
2022-05-18 13:30:00,"ER",-320.890544477875,"apapc"
2022-05-18 13:30:00,"NEP",-1815.33818767486,"apapc"
2022-05-18 14:30:00,"GPP",2304.85235550144,"apapc"
2022-05-18 14:30:00,"ER",-320.890544477875,"apapc"
2022-05-18 14:30:00,"NEP",1983.96181102356,"apapc"
2022-05-18 15:30:00,"GPP",1730.53915766881,"apapc"
2022-05-18 15:30:00,"ER",-320.890544477875,"apapc"
2022-05-18 15:30:00,"NEP",1409.64861319093,"apapc"
2022-05-18 16:30:00,"GPP",347.129029591291,"apapc"
2022-05-18 16:30:00,"ER",-320.890544477875,"apapc"
2022-05-18 16:30:00,"NEP",26.2384851134163,"apapc"
2022-05-18 17:30:00,"GPP",760.190937053312,"apapc"
2022-05-18 17:30:00,"ER",-320.890544477875,"apapc"
2022-05-18 17:30:00,"NEP",439.300392575438,"apapc"
2022-05-18 18:30:00,"GPP",-37.5819389805183,"apapc"
2022-05-18 18:30:00,"ER",-320.890544477875,"apapc"
2022-05-18 18:30:00,"NEP",-358.472483458393,"apapc"
2022-05-18 19:30:00,"GPP",0,"apapc"
2022-05-18 19:30:00,"ER",-320.890544477875,"apapc"
2022-05-18 19:30:00,"NEP",-320.890544477875,"apapc"
2022-05-18 20:30:00,"GPP",0,"apapc"
2022-05-18 20:30:00,"ER",-320.890544477875,"apapc"
2022-05-18 20:30:00,"NEP",-320.890544477875,"apapc"
2022-05-18 21:30:00,"GPP",0,"apapc"
2022-05-18 21:30:00,"ER",-320.890544477875,"apapc"
2022-05-18 21:30:00,"NEP",-320.890544477875,"apapc"
2022-05-18 22:30:00,"GPP",0,"apapc"
2022-05-18 22:30:00,"ER",-320.890544477875,"apapc"
2022-05-18 22:30:00,"NEP",-320.890544477875,"apapc"
2022-05-18 23:30:00,"GPP",0,"apapc"
2022-05-18 23:30:00,"ER",-320.890544477875,"apapc"
2022-05-18 23:30:00,"NEP",-320.890544477875,"apapc"
2022-05-19 00:30:00,"GPP",0,"apapc"
2022-05-19 00:30:00,"ER",-320.890544477875,"apapc"
2022-05-19 00:30:00,"NEP",-320.890544477875,"apapc"
2022-05-19 01:30:00,"GPP",0,"apapc"
2022-05-19 01:30:00,"ER",-320.890544477875,"apapc"
2022-05-19 01:30:00,"NEP",-320.890544477875,"apapc"
2022-05-19 02:30:00,"GPP",0,"apapc"
2022-05-19 02:30:00,"ER",-320.890544477875,"apapc"
2022-05-19 02:30:00,"NEP",-320.890544477875,"apapc"
2022-05-19 03:30:00,"GPP",0,"apapc"
2022-05-19 03:30:00,"ER",-320.890544477875,"apapc"
2022-05-19 03:30:00,"NEP",-320.890544477875,"apapc"
2022-05-19 04:30:00,"GPP",0,"apapc"
2022-05-19 04:30:00,"ER",-320.890544477875,"apapc"
2022-05-19 04:30:00,"NEP",-320.890544477875,"apapc"
2022-05-19 05:30:00,"GPP",0,"apapc"
2022-05-19 05:30:00,"ER",-320.890544477875,"apapc"
2022-05-19 05:30:00,"NEP",-320.890544477875,"apapc"
2022-05-19 06:30:00,"GPP",NA,"apapc"
2022-05-19 06:30:00,"ER",NA,"apapc"
2022-05-19 06:30:00,"NEP",NA,"apapc"
2022-05-19 07:30:00,"GPP",NA,"apapc"
2022-05-19 07:30:00,"ER",NA,"apapc"
2022-05-19 07:30:00,"NEP",NA,"apapc"
2022-05-19 08:30:00,"GPP",NA,"apapc"
2022-05-19 08:30:00,"ER",NA,"apapc"
2022-05-19 08:30:00,"NEP",NA,"apapc"
